iso3,country,hdicode,region,continent,hdi_rank_2021,hdi_1990,hdi_1991,hdi_1992,hdi_1993,hdi_1994,hdi_1995,hdi_1996,hdi_1997,hdi_1998,hdi_1999,hdi_2000,hdi_2001,hdi_2002,hdi_2003,hdi_2004,hdi_2005,hdi_2006,hdi_2007,hdi_2008,hdi_2009,hdi_2010,hdi_2011,hdi_2012,hdi_2013,hdi_2014,hdi_2015,hdi_2016,hdi_2017,hdi_2018,hdi_2019,hdi_2020,hdi_2021,gdi_group_2021,gdi_1990,gdi_1991,gdi_1992,gdi_1993,gdi_1994,gdi_1995,gdi_1996,gdi_1997,gdi_1998,gdi_1999,gdi_2000,gdi_2001,gdi_2002,gdi_2003,gdi_2004,gdi_2005,gdi_2006,gdi_2007,gdi_2008,gdi_2009,gdi_2010,gdi_2011,gdi_2012,gdi_2013,gdi_2014,gdi_2015,gdi_2016,gdi_2017,gdi_2018,gdi_2019,gdi_2020,gdi_2021
AFG,Afghanistan,Low,Southern Asia,Asia,180.0,0.273,0.279,0.287,0.297,0.292,0.31,0.319,0.323,0.324,0.332,0.335,0.337,0.362,0.376,0.392,0.4,0.409,0.424,0.43,0.44,0.448,0.456,0.466,0.474,0.479,0.478,0.481,0.482,0.483,0.488,0.483,0.478,5.0,0.595,0.588,0.586,0.548,0.524,0.543,0.544,0.536,0.534,0.523,0.515,0.504,0.549,0.563,0.522,0.541,0.56,0.587,0.594,0.609,0.627,0.642,0.649,0.659,0.63,0.673,0.682,0.703,0.71,0.712,0.689,0.681
AGO,Angola,Medium,Sub-Saharan Africa,Africa,148.0,,,,,,,,,,0.364,0.375,0.386,0.403,0.42,0.433,0.447,0.459,0.475,0.486,0.5,0.51,0.526,0.541,0.552,0.563,0.582,0.596,0.597,0.595,0.595,0.59,0.586,4.0,,,,,,,,,,0.838,0.831,0.845,0.84,0.836,0.84,0.844,0.849,0.853,0.855,0.859,0.867,0.826,0.848,0.866,0.884,0.893,0.9,0.9,0.903,0.902,0.904,0.903
ALB,Albania,High,Southern Europe,Europe,67.0,0.647,0.629,0.614,0.617,0.624,0.634,0.645,0.642,0.657,0.669,0.677,0.684,0.689,0.696,0.7,0.711,0.718,0.73,0.736,0.741,0.754,0.766,0.778,0.785,0.792,0.795,0.798,0.802,0.806,0.81,0.794,0.796,1.0,0.922,0.921,0.932,0.938,0.935,0.933,0.933,0.933,0.926,0.929,0.929,0.933,0.934,0.936,0.938,0.94,0.943,0.947,0.949,0.951,0.96,0.964,0.974,0.968,0.968,0.984,0.988,0.991,0.997,1.002,1.006,1.007
AND,Andorra,Very High,Southern Europe,Europe,40.0,,,,,,,,,,,0.818,0.825,0.832,0.841,0.833,0.833,0.848,0.847,0.85,0.848,0.848,0.849,0.869,0.864,0.871,0.867,0.871,0.868,0.872,0.873,0.848,0.858,,,,,,,,,,,,,,,,,,,,,,,,,,,,,,,,,
ARE,United Arab Emirates,Very High,Western Asia,Asia,26.0,0.728,0.739,0.742,0.748,0.755,0.762,0.767,0.773,0.779,0.787,0.796,0.8,0.804,0.814,0.818,0.822,0.827,0.831,0.834,0.833,0.835,0.84,0.846,0.852,0.859,0.865,0.87,0.897,0.909,0.92,0.912,0.911,2.0,0.961,0.958,0.957,0.956,0.959,0.962,0.96,0.962,0.96,0.959,0.961,0.963,0.962,0.964,0.965,0.962,0.954,0.944,0.933,0.917,0.921,0.919,0.919,0.92,0.921,0.922,0.921,0.945,0.948,0.955,0.952,0.953
ARG,Argentina,Very High,Latin America and the Caribbean,Americas,47.0,0.723,0.73,0.735,0.739,0.744,0.745,0.751,0.756,0.762,0.773,0.779,0.784,0.785,0.793,0.798,0.802,0.814,0.817,0.825,0.827,0.834,0.841,0.843,0.845,0.846,0.848,0.847,0.851,0.85,0.852,0.84,0.842,1.0,0.982,0.98,0.975,0.972,0.961,0.963,0.965,0.97,0.97,0.99,0.989,0.99,0.989,0.987,0.988,0.99,0.994,0.997,0.995,0.994,0.995,0.991,0.998,0.997,0.995,1.0,0.996,0.993,1.0,1.0,0.999,0.997
ARM,Armenia,High,Western Asia,Asia,85.0,0.656,0.649,0.618,0.616,0.62,0.627,0.632,0.641,0.654,0.657,0.662,0.666,0.676,0.686,0.694,0.707,0.721,0.738,0.742,0.741,0.746,0.75,0.755,0.76,0.764,0.766,0.765,0.768,0.771,0.778,0.757,0.759,1.0,,,,,,0.975,0.978,0.974,0.976,0.976,0.944,0.935,0.927,0.935,0.953,0.964,0.968,0.97,0.97,0.972,0.974,0.98,0.977,0.982,0.985,0.986,0.986,0.99,0.987,0.993,0.995,1.001
ATG,Antigua and Barbuda,High,Latin America and the Caribbean,Americas,71.0,,,,,,,,,,,,,,,,,,0.802,0.801,0.795,0.79,0.783,0.787,0.787,0.789,0.791,0.794,0.795,0.798,0.8,0.788,0.788,,,,,,,,,,,,,,,,,,,,,,,,,,,,,,,,,
AUS,Australia,Very High,Australia and New Zealand,Oceania,5.0,0.865,0.867,0.869,0.873,0.873,0.882,0.884,0.887,0.891,0.894,0.896,0.9,0.902,0.906,0.908,0.911,0.914,0.915,0.919,0.921,0.923,0.926,0.93,0.929,0.931,0.933,0.935,0.937,0.941,0.941,0.947,0.951,2.0,0.961,0.961,0.97,0.969,0.97,0.97,0.965,0.964,0.966,0.966,0.966,0.966,0.966,0.967,0.967,0.967,0.968,0.969,0.97,0.97,0.962,0.964,0.96,0.961,0.972,0.963,0.974,0.966,0.976,0.969,0.966,0.968
AUT,Austria,Very High,Western Europe,Europe,25.0,0.825,0.829,0.835,0.84,0.845,0.849,0.853,0.857,0.863,0.866,0.871,0.876,0.879,0.881,0.886,0.889,0.893,0.896,0.898,0.898,0.902,0.905,0.906,0.905,0.909,0.91,0.915,0.916,0.917,0.919,0.913,0.916,1.0,0.94,0.942,0.944,0.945,0.949,0.952,0.952,0.955,0.957,0.956,0.957,0.959,0.96,0.96,0.962,0.963,0.963,0.962,0.96,0.956,0.964,0.955,0.955,0.963,0.972,0.964,0.964,0.964,0.966,0.968,0.979,0.98
AZE,Azerbaijan,High,Western Asia,Asia,91.0,,,,,,0.59,0.59,0.594,0.604,0.615,0.622,0.632,0.642,0.651,0.659,0.672,0.692,0.706,0.716,0.722,0.727,0.729,0.734,0.741,0.745,0.748,0.75,0.753,0.757,0.761,0.73,0.745,2.0,,,,,,0.977,0.974,0.974,0.973,0.973,0.973,0.973,0.971,0.971,0.971,0.972,0.974,0.947,0.955,0.962,0.958,0.954,0.949,0.949,0.958,0.958,0.955,0.951,0.952,0.956,0.977,0.974
BDI,Burundi,Low,Sub-Saharan Africa,Africa,187.0,0.29,0.292,0.289,0.26,0.29,0.286,0.283,0.287,0.294,0.296,0.297,0.299,0.311,0.319,0.33,0.338,0.36,0.372,0.386,0.395,0.405,0.41,0.416,0.421,0.426,0.428,0.43,0.428,0.428,0.431,0.426,0.426,3.0,0.821,0.828,0.819,0.835,0.825,0.834,0.838,0.838,0.842,0.841,0.852,0.855,0.852,0.851,0.852,0.86,0.877,0.882,0.894,0.896,0.906,0.91,0.914,0.919,0.992,0.931,0.929,0.93,0.933,0.937,0.938,0.935
BEL,Belgium,Very High,Western Europe,Europe,13.0,0.816,0.819,0.835,0.85,0.858,0.865,0.871,0.876,0.878,0.882,0.887,0.89,0.892,0.895,0.9,0.902,0.905,0.908,0.908,0.91,0.912,0.914,0.915,0.916,0.921,0.924,0.927,0.931,0.933,0.936,0.928,0.937,1.0,0.955,0.958,0.962,0.966,0.966,0.969,0.97,0.971,0.971,0.975,0.974,0.968,0.968,0.965,0.97,0.967,0.967,0.966,0.967,0.968,0.971,0.969,0.971,0.972,0.971,0.972,0.973,0.973,0.974,0.975,0.976,0.978
BEN,Benin,Low,Sub-Saharan Africa,Africa,166.0,0.359,0.364,0.369,0.375,0.38,0.386,0.391,0.397,0.402,0.409,0.416,0.428,0.436,0.443,0.45,0.457,0.464,0.472,0.48,0.486,0.492,0.499,0.509,0.52,0.524,0.529,0.53,0.53,0.53,0.53,0.524,0.525,5.0,,,,,,0.74,0.739,0.744,0.751,0.76,0.768,0.774,0.777,0.782,0.787,0.796,0.803,0.808,0.817,0.822,0.833,0.856,0.841,0.849,0.852,0.861,0.867,0.871,0.851,0.877,0.877,0.88
BFA,Burkina Faso,Low,Sub-Saharan Africa,Africa,184.0,,,,,,,,,,0.293,0.296,0.299,0.303,0.31,0.32,0.331,0.339,0.334,0.349,0.36,0.372,0.384,0.395,0.402,0.408,0.418,0.427,0.438,0.449,0.452,0.449,0.449,4.0,,,,,,,,,,0.75,0.759,0.766,0.77,0.776,0.786,0.798,0.803,0.819,0.833,0.836,0.852,0.859,0.867,0.874,0.881,0.886,0.889,0.893,0.884,0.902,0.906,0.903
BGD,Bangladesh,Medium,Southern Asia,Asia,129.0,0.397,0.394,0.413,0.42,0.427,0.436,0.441,0.453,0.467,0.481,0.485,0.492,0.499,0.505,0.511,0.518,0.524,0.527,0.53,0.541,0.553,0.561,0.572,0.574,0.583,0.602,0.612,0.622,0.635,0.644,0.655,0.661,5.0,0.648,0.658,0.679,0.689,0.701,0.712,0.716,0.736,0.748,0.756,0.77,0.778,0.788,0.797,0.802,0.809,0.812,0.817,0.825,0.823,0.837,0.842,0.855,0.87,0.874,0.876,0.893,0.902,0.89,0.9,0.896,0.898
BGR,Bulgaria,High,Eastern Europe,Europe,68.0,0.684,0.684,0.686,0.689,0.691,0.7,0.711,0.706,0.716,0.72,0.725,0.734,0.74,0.749,0.756,0.762,0.767,0.774,0.782,0.785,0.79,0.794,0.798,0.805,0.807,0.809,0.809,0.808,0.809,0.81,0.802,0.795,1.0,0.976,0.974,0.979,0.986,0.989,0.99,0.99,0.987,0.987,0.983,0.976,0.98,0.98,0.977,0.978,0.978,0.982,0.989,0.992,0.993,0.992,0.992,0.991,0.993,0.992,0.992,0.994,0.993,0.992,0.994,0.997,0.995
BHR,Bahrain,Very High,Western Asia,Asia,35.0,0.742,0.743,0.749,0.761,0.764,0.772,0.778,0.78,0.785,0.789,0.798,0.804,0.804,0.806,0.804,0.803,0.804,0.807,0.808,0.806,0.808,0.809,0.817,0.824,0.83,0.858,0.865,0.869,0.879,0.882,0.877,0.875,3.0,0.926,0.923,0.924,0.921,0.92,0.901,0.904,0.907,0.928,0.923,0.928,0.924,0.931,0.938,0.95,0.96,0.968,0.975,0.977,0.939,0.943,0.938,0.948,0.95,0.946,0.932,0.932,0.928,0.928,0.934,0.928,0.927
BHS,Bahamas,Very High,Latin America and the Caribbean,Americas,55.0,,,,,,0.781,0.787,0.784,0.785,0.794,0.799,0.801,0.804,0.805,0.807,0.811,0.813,0.812,0.812,0.81,0.812,0.812,0.815,0.816,0.82,0.82,0.823,0.825,0.827,0.816,0.815,0.812,,,,,,,,,,,,,,,,,,,,,,,,,,,,,,,,,
BIH,Bosnia And Herzegovina,High,Southern Europe,Europe,74.0,,,,,,,,,,,0.667,0.672,0.675,0.683,0.69,0.691,0.699,0.707,0.718,0.721,0.725,0.732,0.745,0.751,0.756,0.761,0.77,0.772,0.776,0.783,0.781,0.78,3.0,,,,,,,,,,,,,,,,0.916,0.917,0.928,0.932,0.932,0.935,0.933,0.921,0.917,0.917,0.92,0.921,0.922,0.922,0.933,0.939,0.94
BLR,Belarus,Very High,Eastern Europe,Europe,60.0,,,,,,0.679,0.686,0.692,0.697,0.701,0.712,0.716,0.721,0.73,0.742,0.75,0.762,0.773,0.783,0.785,0.79,0.797,0.806,0.808,0.812,0.812,0.813,0.817,0.818,0.817,0.807,0.808,1.0,,,,,,1.008,1.009,1.011,1.012,1.013,1.012,1.012,1.016,1.017,1.018,1.021,1.02,1.019,1.021,1.021,1.027,1.028,1.022,1.018,1.017,1.014,1.013,1.01,1.008,1.012,1.013,1.011
BLZ,Belize,Medium,Latin America and the Caribbean,Americas,123.0,0.593,0.6,0.608,0.614,0.618,0.62,0.623,0.625,0.626,0.633,0.64,0.643,0.652,0.66,0.667,0.664,0.68,0.685,0.693,0.701,0.707,0.709,0.713,0.712,0.709,0.708,0.712,0.707,0.706,0.705,0.69,0.683,1.0,0.883,0.887,0.891,0.895,0.901,0.903,0.909,0.911,0.915,0.917,0.921,0.924,0.929,0.931,0.928,0.926,0.936,0.94,0.941,0.944,0.951,0.953,0.953,0.95,0.972,0.976,0.977,0.98,0.967,0.968,0.971,0.975
BOL,Bolivia,Medium,Latin America and the Caribbean,Americas,118.0,0.55,0.56,0.568,0.578,0.587,0.598,0.609,0.62,0.632,0.631,0.632,0.632,0.63,0.627,0.626,0.635,0.638,0.645,0.652,0.658,0.662,0.668,0.674,0.682,0.684,0.69,0.701,0.708,0.714,0.717,0.694,0.692,2.0,0.865,0.87,0.872,0.877,0.882,0.887,0.891,0.894,0.899,0.902,0.898,0.908,0.907,0.914,0.915,0.92,0.917,0.927,0.926,0.917,0.933,0.93,0.929,0.934,0.94,0.945,0.948,0.95,0.954,0.95,0.959,0.964
BRA,Brazil,High,Latin America and the Caribbean,Americas,87.0,0.61,0.616,0.622,0.63,0.638,0.646,0.653,0.66,0.666,0.671,0.679,0.686,0.692,0.688,0.692,0.698,0.7,0.704,0.715,0.717,0.723,0.728,0.732,0.75,0.754,0.753,0.755,0.759,0.764,0.766,0.758,0.754,1.0,,,,,,,,,,,,,0.986,0.986,0.985,0.986,0.989,0.99,0.987,0.99,0.992,0.986,0.989,0.989,0.989,0.989,0.992,0.99,0.99,0.992,0.994,0.994
BRB,Barbados,High,Latin America and the Caribbean,Americas,70.0,0.725,0.727,0.727,0.731,0.736,0.739,0.744,0.747,0.748,0.75,0.756,0.756,0.76,0.765,0.77,0.776,0.781,0.786,0.789,0.791,0.788,0.784,0.787,0.787,0.789,0.791,0.794,0.796,0.797,0.799,0.788,0.79,2.0,0.96,0.963,0.966,0.971,0.979,0.986,0.988,0.99,0.991,0.99,0.994,0.993,0.995,0.999,1.001,1.003,1.005,1.006,1.011,1.015,1.016,1.018,1.019,1.022,1.027,1.03,1.043,1.033,1.034,1.038,1.034,1.034
BRN,Brunei Darussalam,Very High,South-eastern Asia,Asia,51.0,0.77,0.775,0.781,0.786,0.79,0.795,0.798,0.799,0.801,0.807,0.808,0.809,0.813,0.818,0.822,0.825,0.828,0.827,0.826,0.828,0.828,0.832,0.838,0.838,0.837,0.836,0.835,0.834,0.83,0.83,0.83,0.829,1.0,0.938,0.943,0.949,0.953,0.955,0.96,0.962,0.963,0.964,0.967,0.968,0.967,0.968,0.969,0.968,0.967,0.969,0.97,0.971,0.97,0.974,0.975,0.98,0.983,0.987,0.986,0.986,0.987,0.982,0.984,0.984,0.984
BTN,Bhutan,Medium,Southern Asia,Asia,127.0,,,,,,,,,,,,,,,,,,,,,0.581,0.591,0.598,0.606,0.617,0.627,0.638,0.647,0.658,0.671,0.668,0.666,3.0,,,,,,,,,,,,,,,,,,,,,0.921,0.926,0.936,0.926,0.925,0.929,0.931,0.933,0.936,0.941,0.937,0.937
BWA,Botswana,Medium,Sub-Saharan Africa,Africa,117.0,0.586,0.588,0.586,0.588,0.578,0.583,0.583,0.586,0.586,0.587,0.585,0.586,0.583,0.59,0.595,0.604,0.618,0.632,0.642,0.647,0.66,0.669,0.674,0.687,0.696,0.702,0.713,0.722,0.716,0.717,0.713,0.693,1.0,0.959,0.962,0.965,0.958,0.965,0.968,0.959,0.954,0.969,0.964,0.957,0.945,0.952,0.949,0.95,0.949,0.939,0.943,0.947,0.954,0.97,0.982,0.969,0.979,0.983,0.981,0.983,0.985,0.976,0.974,0.981,0.981
CAF,Central African Republic,Low,Sub-Saharan Africa,Africa,188.0,0.338,0.333,0.319,0.319,0.321,0.323,0.319,0.322,0.325,0.329,0.329,0.332,0.333,0.333,0.337,0.342,0.345,0.351,0.358,0.364,0.372,0.381,0.388,0.368,0.37,0.384,0.391,0.398,0.405,0.411,0.407,0.404,5.0,0.738,0.74,0.739,0.741,0.742,0.744,0.744,0.745,0.745,0.745,0.743,0.742,0.744,0.741,0.743,0.746,0.75,0.754,0.759,0.764,0.776,0.778,0.784,0.784,0.794,0.788,0.795,0.805,0.807,0.808,0.806,0.81
CAN,Canada,Very High,Northern America,Americas,15.0,0.86,0.864,0.868,0.866,0.872,0.876,0.879,0.88,0.879,0.884,0.89,0.892,0.894,0.897,0.901,0.903,0.907,0.908,0.91,0.909,0.911,0.915,0.921,0.923,0.925,0.926,0.928,0.931,0.933,0.937,0.931,0.936,1.0,0.983,0.983,0.984,0.98,0.979,0.981,0.98,0.98,0.979,0.983,0.982,0.982,0.982,0.982,0.982,0.982,0.982,0.982,0.982,0.982,0.982,0.983,0.983,0.984,0.985,0.984,0.985,0.987,0.987,0.988,0.988,0.988
CHE,Switzerland,Very High,Western Europe,Europe,1.0,0.851,0.853,0.856,0.861,0.863,0.865,0.87,0.875,0.88,0.884,0.887,0.89,0.89,0.895,0.901,0.905,0.914,0.92,0.926,0.936,0.942,0.943,0.945,0.948,0.952,0.954,0.956,0.957,0.959,0.962,0.956,0.962,2.0,0.942,0.942,0.942,0.937,0.938,0.937,0.937,0.938,0.944,0.944,0.947,0.949,0.948,0.951,0.953,0.957,0.958,0.958,0.957,0.961,0.965,0.966,0.968,0.968,0.969,0.97,0.966,0.967,0.966,0.967,0.967,0.967
CHL,Chile,Very High,Latin America and the Caribbean,Americas,42.0,0.706,0.715,0.723,0.716,0.722,0.728,0.735,0.744,0.749,0.755,0.763,0.768,0.775,0.779,0.787,0.795,0.796,0.801,0.813,0.811,0.813,0.817,0.824,0.836,0.841,0.846,0.85,0.853,0.856,0.861,0.852,0.855,2.0,0.927,0.928,0.929,0.932,0.933,0.937,0.939,0.94,0.938,0.939,0.939,0.939,0.94,0.942,0.946,0.947,0.945,0.947,0.95,0.958,0.961,0.961,0.965,0.964,0.967,0.965,0.966,0.965,0.968,0.966,0.968,0.967
CHN,China,High,Eastern Asia,Asia,79.0,0.484,0.492,0.504,0.515,0.525,0.535,0.545,0.554,0.564,0.573,0.584,0.593,0.604,0.615,0.626,0.638,0.65,0.663,0.672,0.682,0.691,0.7,0.709,0.717,0.725,0.733,0.74,0.747,0.755,0.762,0.764,0.768,1.0,0.873,0.875,0.881,0.888,0.891,0.894,0.894,0.891,0.896,0.897,0.901,0.907,0.914,0.92,0.927,0.933,0.939,0.942,0.945,0.948,0.952,0.956,0.96,0.963,0.967,0.971,0.975,0.981,0.981,0.984,0.984,0.984
CIV,CÃ´te D'Ivoire,Medium,Sub-Saharan Africa,Africa,159.0,0.427,0.428,0.43,0.433,0.436,0.442,0.448,0.456,0.461,0.459,0.457,0.456,0.454,0.453,0.455,0.456,0.458,0.461,0.464,0.469,0.473,0.472,0.477,0.483,0.502,0.513,0.524,0.534,0.542,0.55,0.551,0.55,5.0,0.75,0.757,0.764,0.771,0.779,0.787,0.796,0.801,0.806,0.803,0.803,0.803,0.803,0.806,0.806,0.808,0.81,0.813,0.818,0.823,0.832,0.835,0.8,0.837,0.848,0.858,0.861,0.87,0.874,0.878,0.886,0.887
CMR,Cameroon,Medium,Sub-Saharan Africa,Africa,151.0,0.452,0.449,0.446,0.439,0.436,0.435,0.434,0.435,0.436,0.437,0.442,0.46,0.461,0.468,0.474,0.475,0.477,0.489,0.497,0.506,0.513,0.521,0.533,0.542,0.551,0.56,0.564,0.571,0.577,0.583,0.578,0.576,5.0,0.841,0.84,0.84,0.837,0.837,0.837,0.836,0.836,0.835,0.836,0.836,0.841,0.827,0.839,0.839,0.835,0.837,0.843,0.845,0.849,0.856,0.857,0.863,0.865,0.837,0.874,0.873,0.876,0.882,0.882,0.887,0.885
COD,Congo,Low,Sub-Saharan Africa,Africa,179.0,0.386,0.384,0.38,0.375,0.371,0.373,0.372,0.374,0.371,0.368,0.376,0.374,0.378,0.384,0.39,0.395,0.401,0.406,0.416,0.421,0.429,0.438,0.44,0.446,0.455,0.463,0.472,0.475,0.48,0.482,0.479,0.479,5.0,0.793,0.792,0.794,0.798,0.796,0.801,0.808,0.806,0.826,0.825,0.802,0.799,0.801,0.799,0.798,0.802,0.799,0.798,0.804,0.806,0.816,0.82,0.805,0.831,0.84,0.849,0.858,0.864,0.875,0.882,0.879,0.885
COG,Congo,Medium,Sub-Saharan Africa,Africa,153.0,0.522,0.519,0.518,0.512,0.507,0.497,0.496,0.466,0.489,0.49,0.491,0.497,0.5,0.5,0.505,0.519,0.532,0.533,0.541,0.554,0.561,0.564,0.575,0.58,0.589,0.59,0.586,0.58,0.578,0.57,0.574,0.571,3.0,0.864,0.862,0.855,0.855,0.855,0.855,0.86,0.944,0.89,0.878,0.877,0.876,0.878,0.875,0.879,0.884,0.889,0.893,0.897,0.929,0.913,0.918,0.921,0.93,0.932,0.931,0.935,0.935,0.933,0.935,0.936,0.934
COL,Colombia,High,Latin America and the Caribbean,Americas,88.0,0.61,0.619,0.628,0.635,0.64,0.645,0.653,0.66,0.665,0.663,0.666,0.667,0.67,0.677,0.683,0.696,0.698,0.71,0.716,0.722,0.726,0.733,0.734,0.746,0.75,0.754,0.759,0.761,0.763,0.768,0.756,0.752,1.0,0.951,0.955,0.975,0.976,0.976,0.971,0.968,0.971,0.974,0.978,0.978,0.977,0.996,0.993,0.99,0.99,0.974,0.993,0.988,0.992,0.991,0.99,0.991,0.993,0.989,0.991,0.991,0.991,0.992,0.991,0.98,0.984
COM,Comoros,Medium,Sub-Saharan Africa,Africa,156.0,,,,,,,,,,,0.464,0.47,0.474,0.479,0.482,0.488,0.494,0.5,0.507,0.513,0.52,0.527,0.533,0.539,0.54,0.544,0.548,0.553,0.557,0.56,0.562,0.558,5.0,,,,,,,,,,,0.837,0.838,0.838,0.838,0.844,0.849,0.85,0.853,0.854,0.859,0.865,0.869,0.868,0.873,0.888,0.877,0.878,0.885,0.888,0.891,0.891,0.891
CPV,Cabo Verde,Medium,Sub-Saharan Africa,Africa,128.0,,,,,,,,,,,0.569,0.576,0.587,0.593,0.597,0.606,0.62,0.629,0.635,0.639,0.644,0.653,0.656,0.666,0.667,0.663,0.67,0.675,0.673,0.676,0.662,0.662,1.0,,,,,,,,,,,0.938,0.941,0.943,0.949,0.955,0.954,0.966,0.972,0.961,0.974,0.978,0.979,0.972,0.982,0.983,0.994,0.982,0.982,0.982,0.981,0.978,0.981
CRI,Costa Rica,Very High,Latin America and the Caribbean,Americas,58.0,0.66,0.663,0.674,0.682,0.685,0.691,0.693,0.7,0.705,0.708,0.71,0.715,0.722,0.727,0.732,0.74,0.747,0.756,0.765,0.769,0.772,0.782,0.786,0.792,0.796,0.798,0.803,0.807,0.811,0.819,0.816,0.809,1.0,,,,,,,,,,,0.956,0.959,0.954,0.954,0.95,0.963,0.959,0.957,0.973,0.956,0.967,0.971,0.975,0.977,0.975,0.98,0.983,0.98,0.981,0.988,0.993,0.996
CUB,Cuba,High,Latin America and the Caribbean,Americas,83.0,0.68,0.674,0.668,0.659,0.656,0.659,0.67,0.674,0.678,0.685,0.693,0.7,0.706,0.714,0.728,0.741,0.761,0.775,0.784,0.784,0.78,0.777,0.773,0.769,0.771,0.773,0.774,0.779,0.783,0.788,0.781,0.764,2.0,0.926,0.924,0.922,0.913,0.911,0.913,0.911,0.916,0.914,0.915,0.918,0.92,0.92,0.924,0.94,0.946,0.955,0.962,0.957,0.959,0.967,0.962,0.958,0.958,0.954,0.952,0.954,0.958,0.958,0.959,0.961,0.961
CYP,Cyprus,Very High,Western Asia,Asia,29.0,0.716,0.719,0.726,0.765,0.77,0.776,0.781,0.785,0.794,0.794,0.797,0.804,0.816,0.825,0.83,0.834,0.841,0.848,0.857,0.862,0.857,0.861,0.86,0.861,0.865,0.871,0.877,0.887,0.892,0.897,0.894,0.896,2.0,0.914,0.915,0.922,0.925,0.926,0.932,0.937,0.939,0.943,0.942,0.944,0.948,0.952,0.95,0.95,0.954,0.956,0.957,0.958,0.963,0.963,0.97,0.971,0.974,0.98,0.98,0.981,0.981,0.974,0.975,0.972,0.972
CZE,Czech Republic,Very High,Eastern Europe,Europe,32.0,0.742,0.742,0.743,0.751,0.762,0.77,0.782,0.787,0.792,0.796,0.808,0.818,0.825,0.831,0.836,0.844,0.852,0.859,0.863,0.865,0.87,0.872,0.874,0.881,0.887,0.891,0.895,0.897,0.894,0.897,0.892,0.889,1.0,0.931,0.936,0.954,0.948,0.947,0.949,0.951,0.954,0.956,0.957,0.958,0.959,0.962,0.965,0.966,0.968,0.971,0.972,0.973,0.974,0.975,0.978,0.979,0.985,0.985,0.986,0.986,0.987,0.984,0.985,0.988,0.989
DEU,Germany,Very High,Western Europe,Europe,9.0,0.829,0.835,0.842,0.852,0.858,0.863,0.868,0.874,0.879,0.884,0.889,0.896,0.901,0.905,0.914,0.914,0.917,0.921,0.923,0.923,0.926,0.931,0.933,0.934,0.937,0.938,0.941,0.944,0.945,0.948,0.944,0.942,1.0,0.945,0.946,0.945,0.942,0.943,0.944,0.944,0.945,0.944,0.944,0.943,0.947,0.95,0.955,0.958,0.958,0.958,0.959,0.958,0.963,0.962,0.964,0.965,0.966,0.965,0.969,0.97,0.971,0.974,0.975,0.977,0.978
DJI,Djibouti,Low,Sub-Saharan Africa,Africa,171.0,,,,,,0.351,0.35,0.353,0.355,0.36,0.361,0.371,0.378,0.388,0.396,0.405,0.416,0.426,0.434,0.445,0.458,0.47,0.478,0.483,0.488,0.493,0.496,0.499,0.506,0.512,0.51,0.509,,,,,,,,,,,,,,,,,,,,,,,,,,,,,,,,,
DMA,Dominica,High,Latin America and the Caribbean,Americas,102.0,,,,,,,,,,,0.695,0.694,0.695,0.695,0.7,0.701,0.708,0.707,0.717,0.713,0.711,0.702,0.706,0.699,0.705,0.7,0.709,0.692,0.726,0.729,0.722,0.72,,,,,,,,,,,,,,,,,,,,,,,,,,,,,,,,,
DNK,Denmark,Very High,Northern Europe,Europe,6.0,0.834,0.838,0.841,0.844,0.851,0.854,0.862,0.869,0.876,0.886,0.889,0.895,0.896,0.901,0.906,0.911,0.91,0.911,0.915,0.909,0.913,0.926,0.931,0.933,0.932,0.936,0.943,0.944,0.942,0.946,0.947,0.948,1.0,0.979,0.978,0.979,0.976,0.976,0.974,0.978,0.98,0.984,0.984,0.985,0.985,0.986,0.988,0.991,0.989,0.989,0.988,0.989,0.992,0.99,0.98,0.979,0.98,0.973,0.978,0.979,0.981,0.983,0.981,0.981,0.98
DOM,Dominican Republic,High,Latin America and the Caribbean,Americas,80.0,0.577,0.583,0.593,0.6,0.607,0.613,0.62,0.627,0.633,0.64,0.646,0.651,0.657,0.659,0.663,0.674,0.683,0.692,0.697,0.701,0.708,0.713,0.718,0.722,0.728,0.736,0.755,0.757,0.764,0.771,0.764,0.767,1.0,0.894,0.897,0.903,0.906,0.909,0.913,0.919,0.926,0.931,0.937,0.942,0.943,0.949,0.946,0.944,0.955,0.956,0.962,0.966,0.97,0.983,0.989,0.997,0.994,0.993,1.004,1.001,1.006,1.009,1.013,1.015,1.014
DZA,Algeria,High,Northern Africa,Africa,91.0,0.591,0.594,0.599,0.601,0.602,0.606,0.617,0.624,0.633,0.641,0.649,0.655,0.664,0.67,0.678,0.685,0.69,0.697,0.705,0.714,0.721,0.727,0.729,0.731,0.735,0.74,0.743,0.744,0.745,0.748,0.736,0.745,5.0,,,,,,,,,,,0.781,0.786,0.792,0.794,0.802,0.81,0.815,0.822,0.826,0.83,0.838,0.846,0.854,0.857,0.86,0.865,0.871,0.873,0.876,0.88,0.877,0.88
ECU,Ecuador,High,Latin America and the Caribbean,Americas,95.0,0.651,0.652,0.658,0.662,0.667,0.671,0.674,0.679,0.684,0.683,0.687,0.693,0.698,0.703,0.71,0.715,0.72,0.723,0.729,0.731,0.736,0.743,0.751,0.755,0.76,0.765,0.762,0.762,0.762,0.76,0.731,0.74,1.0,,,,,,,,,,,,,,,,,,,,,0.966,0.964,0.963,0.962,0.958,0.96,0.964,0.965,0.965,0.969,0.978,0.98
EGY,Egypt,High,Northern Africa,Africa,97.0,0.572,0.578,0.585,0.591,0.598,0.605,0.613,0.619,0.624,0.629,0.633,0.637,0.639,0.637,0.64,0.643,0.647,0.655,0.663,0.668,0.675,0.679,0.688,0.694,0.699,0.706,0.713,0.721,0.729,0.735,0.734,0.731,5.0,0.809,0.816,0.827,0.829,0.836,0.83,0.842,0.845,0.84,0.835,0.835,0.848,0.839,0.841,0.844,0.837,0.841,0.853,0.831,0.785,0.863,0.878,0.888,0.895,0.89,0.903,0.91,0.916,0.905,0.898,0.882,0.882
ERI,Eritrea,Low,Sub-Saharan Africa,Africa,176.0,,,,,,,,,,,,,0.426,0.437,0.445,0.449,0.453,0.457,0.448,0.457,0.463,0.481,0.486,0.483,0.502,0.483,0.488,0.484,0.493,0.495,0.494,0.492,,,,,,,,,,,,,,,,,,,,,,,,,,,,,,,,,
ESP,Spain,Very High,Southern Europe,Europe,27.0,0.757,0.764,0.772,0.781,0.789,0.796,0.802,0.808,0.813,0.818,0.825,0.83,0.834,0.837,0.844,0.85,0.856,0.858,0.86,0.861,0.868,0.872,0.874,0.88,0.884,0.889,0.895,0.897,0.901,0.908,0.899,0.905,1.0,0.944,0.948,0.954,0.956,0.958,0.963,0.966,0.963,0.964,0.965,0.967,0.965,0.97,0.971,0.974,0.974,0.976,0.977,0.979,0.981,0.98,0.98,0.98,0.98,0.98,0.981,0.985,0.984,0.984,0.984,0.984,0.986
EST,Estonia,Very High,Northern Europe,Europe,31.0,0.732,0.729,0.719,0.71,0.712,0.725,0.742,0.757,0.764,0.773,0.787,0.797,0.807,0.816,0.826,0.839,0.847,0.853,0.856,0.856,0.861,0.871,0.874,0.88,0.879,0.882,0.885,0.887,0.891,0.896,0.892,0.89,1.0,1.026,1.02,1.01,1.014,1.025,1.024,1.017,1.018,1.022,1.023,1.028,1.036,1.035,1.035,1.038,1.038,1.04,1.039,1.037,1.035,1.029,1.032,1.031,1.025,1.021,1.026,1.025,1.024,1.025,1.023,1.019,1.021
ETH,Ethiopia,Low,Sub-Saharan Africa,Africa,175.0,,,,,,,,,,,0.287,0.301,0.309,0.313,0.327,0.346,0.363,0.38,0.395,0.402,0.412,0.422,0.43,0.441,0.45,0.46,0.47,0.48,0.489,0.498,0.498,0.498,4.0,,,,,,,,,,,0.726,0.74,0.75,0.753,0.77,0.767,0.807,0.821,0.831,0.842,0.85,0.854,0.861,0.855,0.879,0.889,0.9,0.903,0.912,0.917,0.916,0.921
FIN,Finland,Very High,Northern Europe,Europe,11.0,0.814,0.818,0.825,0.829,0.841,0.847,0.854,0.863,0.873,0.881,0.891,0.9,0.904,0.907,0.902,0.905,0.909,0.911,0.912,0.907,0.911,0.915,0.915,0.926,0.927,0.93,0.931,0.934,0.936,0.939,0.938,0.94,1.0,1.002,1.003,1.005,1.001,1.002,1.004,1.007,1.001,1.002,1.003,0.996,0.995,0.994,0.992,1.0,1.0,1.002,1.004,1.002,1.006,1.005,1.002,1.003,0.989,0.988,0.989,0.989,0.989,0.989,0.989,0.99,0.989
FJI,Fiji,High,Melanesia,Oceania,99.0,0.642,0.647,0.651,0.654,0.66,0.666,0.669,0.67,0.672,0.679,0.681,0.686,0.687,0.692,0.704,0.702,0.705,0.706,0.709,0.711,0.714,0.719,0.721,0.726,0.729,0.729,0.735,0.741,0.745,0.746,0.737,0.73,3.0,,,,,,,,,,,0.924,0.924,0.923,0.922,0.921,0.939,0.921,0.924,0.928,0.931,0.939,0.956,0.94,0.941,0.941,0.939,0.945,0.935,0.936,0.936,0.933,0.931
FRA,France,Very High,Western Europe,Europe,28.0,0.791,0.799,0.806,0.809,0.823,0.828,0.833,0.838,0.842,0.84,0.844,0.847,0.848,0.851,0.858,0.866,0.87,0.873,0.873,0.872,0.877,0.881,0.882,0.887,0.892,0.892,0.895,0.898,0.901,0.905,0.898,0.903,1.0,0.98,0.982,0.984,0.985,0.982,0.982,0.982,0.982,0.982,0.981,0.981,0.981,0.981,0.982,0.983,0.983,0.983,0.985,0.984,0.987,0.989,0.989,0.989,0.99,0.989,0.988,0.988,0.989,0.99,0.991,0.989,0.99
FSM,Micronesia (Federated States of),Medium,Micronesia,Oceania,134.0,,,,,,,,,,,0.572,0.581,0.582,0.594,0.597,0.604,0.61,0.614,0.618,0.62,0.625,0.628,0.628,0.626,0.625,0.626,0.629,0.632,0.633,0.633,0.629,0.628,,,,,,,,,,,,,,,,,,,,,,,,,,,,,,,,,
GAB,Gabon,High,Sub-Saharan Africa,Africa,112.0,0.61,0.615,0.615,0.619,0.623,0.627,0.63,0.634,0.64,0.636,0.635,0.641,0.644,0.648,0.647,0.652,0.651,0.655,0.655,0.66,0.664,0.668,0.679,0.685,0.694,0.699,0.702,0.706,0.706,0.709,0.71,0.706,4.0,,,,,,0.89,0.888,0.887,0.884,0.882,0.883,0.884,0.886,0.891,0.891,0.894,0.896,0.899,0.903,0.907,0.915,0.916,0.918,0.914,0.91,0.909,0.904,0.907,0.906,0.903,0.907,0.908
GBR,United Kingdom,Very High,Northern Europe,Europe,18.0,0.804,0.809,0.816,0.82,0.828,0.828,0.834,0.842,0.848,0.855,0.862,0.868,0.873,0.878,0.889,0.895,0.894,0.897,0.9,0.906,0.912,0.908,0.909,0.922,0.924,0.924,0.927,0.93,0.929,0.935,0.924,0.929,1.0,0.97,0.97,0.969,0.97,0.971,0.97,0.972,0.972,0.979,0.974,0.974,0.978,0.975,0.976,0.977,0.975,0.977,0.976,0.974,0.966,0.964,0.964,0.965,0.966,0.98,0.969,0.97,0.972,0.972,0.974,0.987,0.987
GEO,Georgia,Very High,Western Asia,Asia,63.0,,,,,,,,,,,0.702,0.706,0.714,0.723,0.729,0.738,0.742,0.753,0.748,0.753,0.759,0.766,0.773,0.777,0.784,0.79,0.794,0.8,0.804,0.81,0.802,0.802,1.0,,,,,,,,,,,0.957,0.949,0.949,0.955,0.96,0.956,0.964,0.96,0.963,0.965,0.967,0.97,0.975,0.979,0.982,0.986,0.984,0.983,0.987,0.99,1.006,1.007
GHA,Ghana,Medium,Sub-Saharan Africa,Africa,133.0,0.46,0.466,0.47,0.475,0.477,0.483,0.487,0.492,0.497,0.502,0.507,0.505,0.512,0.515,0.521,0.533,0.54,0.55,0.561,0.566,0.574,0.585,0.592,0.6,0.6,0.607,0.611,0.616,0.62,0.631,0.632,0.632,3.0,0.828,0.83,0.832,0.829,0.833,0.836,0.841,0.848,0.851,0.856,0.86,0.863,0.868,0.872,0.873,0.878,0.882,0.889,0.887,0.893,0.898,0.905,0.913,0.906,0.919,0.912,0.929,0.857,0.935,0.942,0.947,0.946
GIN,Guinea,Low,Sub-Saharan Africa,Africa,182.0,0.269,0.274,0.282,0.289,0.295,0.303,0.31,0.321,0.33,0.339,0.345,0.352,0.362,0.37,0.377,0.387,0.394,0.402,0.408,0.41,0.415,0.42,0.425,0.429,0.435,0.44,0.45,0.458,0.462,0.467,0.466,0.465,5.0,0.672,0.678,0.683,0.685,0.691,0.698,0.704,0.717,0.724,0.733,0.741,0.75,0.755,0.763,0.771,0.783,0.788,0.794,0.799,0.802,0.814,0.82,0.828,0.831,0.838,0.838,0.838,0.845,0.846,0.852,0.849,0.85
GMB,Gambia,Low,Sub-Saharan Africa,Africa,174.0,0.343,0.35,0.357,0.363,0.369,0.376,0.382,0.385,0.392,0.398,0.404,0.41,0.412,0.419,0.428,0.431,0.436,0.442,0.45,0.455,0.46,0.46,0.467,0.471,0.473,0.478,0.484,0.489,0.495,0.503,0.501,0.5,4.0,0.714,0.724,0.733,0.742,0.749,0.759,0.769,0.779,0.789,0.799,0.806,0.814,0.819,0.823,0.831,0.839,0.843,0.846,0.852,0.856,0.858,0.862,0.814,0.87,0.881,0.887,0.896,0.904,0.924,0.92,0.925,0.924
GNB,Guinea Bissau,Low,Sub-Saharan Africa,Africa,177.0,,,,,,,,,,,,,,,,0.404,0.417,0.424,0.429,0.436,0.443,0.452,0.456,0.46,0.466,0.472,0.478,0.481,0.482,0.49,0.483,0.483,5.0,,,,,,,,,,,,,,,,,0.838,0.839,0.845,0.85,0.862,0.865,0.869,0.873,0.878,0.875,0.873,0.87,0.861,0.867,0.869,0.867
GNQ,Equatorial Guinea,Medium,Sub-Saharan Africa,Africa,145.0,,,,,,,,,,,0.512,0.522,0.534,0.537,0.545,0.556,0.569,0.578,0.582,0.586,0.579,0.585,0.592,0.594,0.598,0.603,0.603,0.601,0.601,0.605,0.599,0.596,,,,,,,,,,,,,,,,,,,,,,,,,,,,,,,,,
GRC,Greece,Very High,Southern Europe,Europe,33.0,0.759,0.769,0.769,0.769,0.774,0.777,0.782,0.789,0.799,0.801,0.81,0.82,0.83,0.835,0.843,0.855,0.863,0.858,0.863,0.866,0.869,0.865,0.866,0.871,0.879,0.88,0.877,0.88,0.886,0.889,0.886,0.887,2.0,0.919,0.921,0.927,0.934,0.932,0.945,0.95,0.953,0.962,0.968,0.972,0.97,0.965,0.961,0.96,0.956,0.958,0.961,0.962,0.968,0.965,0.97,0.969,0.968,0.968,0.973,0.97,0.97,0.969,0.967,0.967,0.969
GRD,Grenada,High,Latin America and the Caribbean,Americas,68.0,,,,,,,,,,,,,0.739,0.747,0.742,0.763,0.765,0.773,0.778,0.777,0.782,0.786,0.784,0.787,0.787,0.79,0.791,0.794,0.797,0.8,0.792,0.795,,,,,,,,,,,,,,,,,,,,,,,,,,,,,,,,,
GTM,Guatemala,Medium,Latin America and the Caribbean,Americas,135.0,0.484,0.488,0.492,0.497,0.501,0.508,0.516,0.525,0.534,0.542,0.55,0.556,0.561,0.566,0.571,0.574,0.581,0.59,0.596,0.6,0.605,0.611,0.616,0.62,0.637,0.639,0.639,0.64,0.64,0.642,0.635,0.627,4.0,,,,,,,,,,,0.893,0.893,0.894,0.896,0.899,0.899,0.902,0.904,0.904,0.903,0.917,0.91,0.921,0.925,0.932,0.935,0.931,0.929,0.925,0.926,0.918,0.917
GUY,Guyana,High,Latin America and the Caribbean,Americas,108.0,0.509,0.505,0.52,0.534,0.544,0.549,0.559,0.564,0.569,0.573,0.577,0.584,0.59,0.598,0.612,0.622,0.631,0.638,0.644,0.649,0.656,0.665,0.669,0.673,0.681,0.684,0.691,0.695,0.701,0.708,0.721,0.714,1.0,0.874,0.875,0.89,0.901,0.907,0.911,0.918,0.922,0.923,0.922,0.924,0.925,0.923,0.926,0.936,0.942,0.942,0.941,0.944,0.946,0.957,0.959,0.961,0.964,0.964,0.965,0.969,0.971,0.956,0.982,0.978,0.978
HKG,Hong Kong,Very High,Eastern Asia,Asia,4.0,0.788,0.794,0.802,0.811,0.819,0.825,0.831,0.837,0.839,0.843,0.851,0.856,0.859,0.864,0.872,0.879,0.887,0.894,0.899,0.9,0.907,0.914,0.918,0.924,0.93,0.935,0.938,0.944,0.949,0.952,0.949,0.952,1.0,0.92,0.923,0.924,0.928,0.931,0.935,0.937,0.939,0.94,0.943,0.945,0.949,0.952,0.953,0.955,0.954,0.958,0.954,0.962,0.96,0.964,0.961,0.964,0.964,0.968,0.968,0.968,0.975,0.976,0.975,0.977,0.976
HND,Honduras,Medium,Latin America and the Caribbean,Americas,137.0,0.516,0.517,0.521,0.527,0.53,0.536,0.539,0.544,0.527,0.55,0.556,0.559,0.563,0.567,0.572,0.577,0.581,0.586,0.591,0.594,0.597,0.6,0.599,0.603,0.606,0.613,0.618,0.617,0.617,0.632,0.621,0.621,2.0,0.915,0.914,0.917,0.921,0.921,0.924,0.925,0.926,0.91,0.928,0.927,0.93,0.928,0.929,0.933,0.964,0.957,0.96,0.963,0.97,0.973,0.968,0.966,0.985,0.983,0.986,0.979,0.972,0.986,0.955,0.959,0.96
HRV,Croatia,Very High,Southern Europe,Europe,40.0,,,,,,0.712,0.724,0.732,0.742,0.749,0.759,0.769,0.777,0.783,0.796,0.802,0.811,0.815,0.817,0.816,0.821,0.826,0.83,0.838,0.841,0.843,0.848,0.852,0.856,0.861,0.855,0.858,1.0,,,,,,0.946,0.944,0.948,0.95,0.954,0.954,0.955,0.958,0.97,0.972,0.975,0.977,0.976,0.98,0.981,0.987,0.984,0.979,0.981,0.99,0.984,0.986,0.985,0.995,0.989,0.989,0.995
HTI,Haiti,Low,Latin America and the Caribbean,Americas,163.0,0.429,0.433,0.435,0.436,0.434,0.444,0.45,0.455,0.46,0.466,0.47,0.472,0.476,0.482,0.479,0.49,0.494,0.499,0.503,0.508,0.433,0.512,0.517,0.521,0.525,0.529,0.532,0.539,0.541,0.543,0.54,0.535,5.0,,,,,,,,,,,,,,,,,,,,,0.825,0.88,0.885,0.892,0.898,0.903,0.906,0.902,0.898,0.902,0.899,0.898
HUN,Hungary,Very High,Eastern Europe,Europe,46.0,0.72,0.715,0.714,0.722,0.731,0.735,0.741,0.749,0.756,0.763,0.773,0.782,0.791,0.798,0.801,0.806,0.814,0.817,0.823,0.825,0.828,0.83,0.831,0.84,0.838,0.838,0.843,0.845,0.849,0.853,0.849,0.846,1.0,0.976,0.976,0.983,0.984,0.986,0.981,0.977,0.976,0.982,0.983,0.98,0.981,0.987,0.992,0.992,0.997,1.0,0.998,0.993,0.992,0.995,0.992,0.989,0.99,0.988,0.985,0.985,0.98,0.986,0.982,0.983,0.987
IDN,Indonesia,High,South-eastern Asia,Asia,114.0,0.526,0.532,0.54,0.548,0.558,0.569,0.578,0.589,0.585,0.59,0.595,0.604,0.612,0.621,0.619,0.632,0.639,0.643,0.646,0.657,0.664,0.671,0.678,0.683,0.687,0.695,0.699,0.704,0.71,0.716,0.709,0.705,3.0,0.861,0.86,0.865,0.87,0.872,0.876,0.877,0.876,0.879,0.89,0.887,0.896,0.895,0.9,0.893,0.899,0.906,0.904,0.908,0.912,0.918,0.921,0.925,0.926,0.924,0.929,0.933,0.933,0.936,0.939,0.941,0.941
IND,India,Medium,Southern Asia,Asia,132.0,0.434,0.437,0.442,0.446,0.452,0.458,0.466,0.471,0.478,0.486,0.491,0.496,0.503,0.516,0.525,0.534,0.543,0.553,0.56,0.565,0.575,0.588,0.598,0.607,0.619,0.629,0.639,0.644,0.645,0.645,0.642,0.633,5.0,0.707,0.707,0.71,0.711,0.714,0.717,0.726,0.734,0.741,0.75,0.757,0.759,0.763,0.78,0.784,0.787,0.79,0.793,0.797,0.803,0.81,0.813,0.826,0.831,0.835,0.838,0.848,0.851,0.849,0.852,0.845,0.849
IRL,Ireland,Very High,Northern Europe,Europe,8.0,0.737,0.743,0.751,0.76,0.771,0.777,0.785,0.794,0.83,0.837,0.847,0.855,0.864,0.873,0.881,0.888,0.891,0.896,0.899,0.895,0.904,0.902,0.903,0.908,0.914,0.925,0.929,0.934,0.937,0.942,0.943,0.945,1.0,0.955,0.957,0.96,0.961,0.964,0.968,0.974,0.976,0.98,0.982,0.984,0.986,0.99,0.989,0.98,0.982,0.982,0.983,0.98,0.979,0.978,0.977,0.976,0.977,0.977,0.975,0.977,0.976,0.978,0.981,0.98,0.987
IRN,Iran,High,Southern Asia,Asia,76.0,0.601,0.62,0.627,0.634,0.64,0.647,0.655,0.662,0.669,0.677,0.685,0.693,0.701,0.704,0.712,0.717,0.727,0.733,0.735,0.738,0.745,0.754,0.768,0.769,0.773,0.776,0.786,0.789,0.787,0.783,0.777,0.774,5.0,0.719,0.731,0.74,0.745,0.752,0.758,0.772,0.783,0.794,0.807,0.819,0.825,0.834,0.842,0.86,0.868,0.874,0.877,0.865,0.868,0.875,0.87,0.875,0.863,0.86,0.866,0.881,0.888,0.889,0.888,0.878,0.88
IRQ,Iraq,Medium,Western Asia,Asia,121.0,0.528,0.496,0.524,0.545,0.543,0.532,0.551,0.558,0.571,0.582,0.589,0.596,0.598,0.579,0.602,0.606,0.604,0.607,0.623,0.633,0.64,0.649,0.66,0.667,0.67,0.675,0.679,0.685,0.692,0.696,0.679,0.686,5.0,,,,,,0.648,0.676,0.689,0.709,0.725,0.731,0.736,0.738,0.737,0.769,0.778,0.798,0.805,0.797,0.787,0.796,0.797,0.802,0.81,0.813,0.813,0.837,0.81,0.801,0.806,0.802,0.803
ISL,Iceland,Very High,Northern Europe,Europe,3.0,0.811,0.822,0.828,0.829,0.835,0.833,0.838,0.849,0.86,0.862,0.871,0.879,0.886,0.891,0.895,0.901,0.903,0.909,0.902,0.9,0.902,0.912,0.921,0.929,0.938,0.945,0.948,0.954,0.959,0.96,0.957,0.959,1.0,0.975,0.983,0.973,0.974,0.982,0.978,0.983,0.987,0.984,0.988,0.988,0.995,0.987,0.977,0.988,0.984,0.982,0.988,0.98,0.986,0.986,0.98,0.974,0.975,0.977,0.974,0.978,0.977,0.98,0.98,0.977,0.976
ISR,Israel,Very High,Western Asia,Asia,22.0,0.787,0.793,0.797,0.804,0.808,0.811,0.818,0.825,0.833,0.841,0.844,0.848,0.854,0.855,0.858,0.866,0.874,0.885,0.885,0.889,0.894,0.897,0.898,0.904,0.908,0.909,0.913,0.917,0.919,0.921,0.917,0.919,1.0,0.914,0.916,0.921,0.922,0.926,0.928,0.931,0.934,0.937,0.939,0.942,0.944,0.943,0.943,0.944,0.959,0.972,0.974,0.975,0.969,0.969,0.969,0.971,0.973,0.974,0.977,0.974,0.987,0.98,0.99,0.993,0.992
ITA,Italy,Very High,Southern Europe,Europe,30.0,0.778,0.783,0.789,0.795,0.804,0.81,0.816,0.824,0.829,0.835,0.841,0.849,0.853,0.858,0.865,0.868,0.873,0.877,0.878,0.878,0.882,0.885,0.883,0.882,0.883,0.882,0.887,0.888,0.893,0.897,0.889,0.895,2.0,0.942,0.943,0.944,0.945,0.949,0.948,0.95,0.953,0.956,0.956,0.954,0.958,0.956,0.957,0.962,0.962,0.963,0.963,0.965,0.964,0.971,0.969,0.97,0.969,0.971,0.968,0.97,0.968,0.967,0.969,0.97,0.97
JAM,Jamaica,High,Latin America and the Caribbean,Americas,110.0,0.659,0.662,0.663,0.667,0.668,0.669,0.669,0.668,0.666,0.667,0.664,0.673,0.677,0.671,0.687,0.69,0.694,0.697,0.7,0.7,0.704,0.709,0.713,0.714,0.714,0.713,0.712,0.715,0.716,0.719,0.713,0.709,1.0,,,,,,,,,,,0.969,0.971,0.983,0.985,0.989,0.989,0.988,0.984,0.98,0.978,0.983,0.989,0.988,0.975,1.0,0.982,0.989,0.991,0.993,0.994,0.991,0.99
JOR,Jordan,High,Western Asia,Asia,102.0,0.622,0.625,0.637,0.641,0.644,0.651,0.655,0.661,0.666,0.671,0.678,0.685,0.692,0.698,0.709,0.716,0.722,0.729,0.734,0.731,0.725,0.721,0.721,0.719,0.719,0.718,0.718,0.718,0.723,0.727,0.723,0.72,5.0,0.81,0.813,0.828,0.836,0.832,0.836,0.836,0.84,0.844,0.848,0.852,0.855,0.857,0.862,0.863,0.863,0.866,0.866,0.865,0.865,0.869,0.87,0.871,0.872,0.874,0.876,0.887,0.887,0.89,0.886,0.888,0.887
JPN,Japan,Very High,Eastern Asia,Asia,19.0,0.845,0.849,0.85,0.855,0.861,0.863,0.868,0.871,0.871,0.872,0.877,0.88,0.882,0.884,0.888,0.889,0.892,0.895,0.895,0.896,0.898,0.899,0.905,0.91,0.914,0.918,0.921,0.922,0.923,0.924,0.923,0.925,2.0,0.951,0.952,0.954,0.943,0.945,0.946,0.947,0.947,0.949,0.958,0.958,0.959,0.959,0.96,0.96,0.961,0.96,0.96,0.96,0.957,0.957,0.958,0.961,0.964,0.966,0.967,0.968,0.97,0.97,0.972,0.97,0.97
KAZ,Kazakhstan,Very High,Central Asia,Asia,56.0,0.673,0.668,0.667,0.663,0.657,0.655,0.659,0.663,0.666,0.671,0.68,0.695,0.706,0.718,0.73,0.739,0.752,0.758,0.758,0.761,0.767,0.775,0.783,0.792,0.799,0.805,0.805,0.811,0.814,0.819,0.814,0.811,1.0,,,,,,,,,,1.008,1.006,1.006,1.007,1.01,1.013,1.015,1.017,1.015,1.009,1.003,0.999,0.999,1.003,1.009,1.008,0.997,0.989,0.992,1.0,0.993,1.003,0.998
KEN,Kenya,Medium,Sub-Saharan Africa,Africa,152.0,0.474,0.474,0.473,0.471,0.473,0.475,0.477,0.477,0.479,0.48,0.481,0.485,0.485,0.495,0.508,0.516,0.525,0.533,0.539,0.539,0.545,0.55,0.552,0.554,0.558,0.561,0.569,0.572,0.577,0.581,0.578,0.575,3.0,0.864,0.876,0.871,0.873,0.876,0.878,0.881,0.912,0.882,0.881,0.878,0.877,0.874,0.876,0.879,0.885,0.893,0.897,0.906,0.913,0.922,0.925,0.925,0.923,0.928,0.929,0.928,0.936,0.938,0.944,0.937,0.941
KGZ,Kyrgyzstan,Medium,Central Asia,Asia,118.0,0.638,0.632,0.622,0.609,0.591,0.587,0.594,0.603,0.609,0.616,0.621,0.63,0.631,0.64,0.643,0.644,0.65,0.656,0.66,0.663,0.664,0.665,0.675,0.682,0.688,0.69,0.693,0.696,0.698,0.698,0.689,0.692,2.0,,,,,,0.968,0.976,0.972,0.969,0.967,0.964,0.964,0.97,0.971,0.967,0.968,0.97,0.97,0.975,0.977,0.974,0.976,0.975,0.964,0.968,0.968,0.968,0.959,0.959,0.966,0.963,0.966
KHM,Cambodia,Medium,South-eastern Asia,Asia,146.0,0.378,0.383,0.387,0.39,0.392,0.397,0.4,0.404,0.407,0.416,0.425,0.441,0.461,0.475,0.488,0.499,0.51,0.521,0.528,0.534,0.54,0.548,0.555,0.562,0.569,0.574,0.581,0.586,0.591,0.598,0.596,0.593,3.0,,,,,,,,,,,0.887,0.882,0.864,0.867,0.866,0.869,0.873,0.875,0.884,0.882,0.894,0.893,0.905,0.907,0.91,0.916,0.925,0.919,0.921,0.922,0.922,0.926
KIR,Kiribati,Medium,Micronesia,Oceania,136.0,,,,,,,,,,,0.549,0.59,0.587,0.593,0.59,0.591,0.586,0.587,0.588,0.585,0.589,0.587,0.594,0.602,0.61,0.622,0.617,0.621,0.622,0.63,0.623,0.624,,,,,,,,,,,,,,,,,,,,,,,,,,,,,,,,,
KNA,Saint Kitts and Nevis,High,Latin America and the Caribbean,Americas,75.0,,,,,,,,,,,,,,,,0.746,0.75,0.753,0.757,0.758,0.759,0.764,0.766,0.77,0.772,0.772,0.779,0.778,0.779,0.783,0.779,0.777,,,,,,,,,,,,,,,,,,,,,,,,,,,,,,,,,
KOR,"Korea, Republic of",Very High,Eastern Asia,Asia,19.0,0.737,0.747,0.754,0.763,0.773,0.783,0.793,0.806,0.804,0.815,0.825,0.833,0.84,0.844,0.852,0.86,0.866,0.871,0.875,0.877,0.89,0.896,0.897,0.901,0.906,0.909,0.912,0.916,0.919,0.923,0.922,0.925,3.0,0.897,0.9,0.903,0.924,0.924,0.927,0.929,0.93,0.925,0.925,0.927,0.928,0.927,0.927,0.93,0.931,0.932,0.932,0.933,0.923,0.929,0.929,0.931,0.932,0.934,0.934,0.936,0.938,0.941,0.943,0.943,0.944
KWT,Kuwait,Very High,Western Asia,Asia,50.0,0.718,0.68,0.678,0.705,0.733,0.759,0.782,0.786,0.789,0.787,0.787,0.781,0.784,0.793,0.797,0.798,0.799,0.802,0.807,0.81,0.813,0.82,0.826,0.819,0.823,0.83,0.833,0.835,0.836,0.839,0.822,0.831,1.0,0.935,0.931,0.929,0.941,0.947,0.961,0.961,0.966,0.969,0.966,0.97,0.973,0.976,0.99,0.997,1.005,1.012,1.008,1.008,0.996,0.992,0.991,0.989,1.003,1.0,1.005,1.008,1.008,1.011,1.011,1.011,1.009
LAO,Laos,Medium,South-eastern Asia,Asia,140.0,0.405,0.412,0.417,0.424,0.432,0.434,0.447,0.454,0.46,0.466,0.47,0.476,0.484,0.493,0.5,0.51,0.511,0.525,0.532,0.543,0.551,0.563,0.572,0.582,0.592,0.599,0.604,0.607,0.607,0.61,0.608,0.607,3.0,0.813,0.814,0.817,0.819,0.822,0.83,0.834,0.838,0.843,0.846,0.85,0.855,0.861,0.867,0.874,0.879,0.883,0.889,0.893,0.901,0.895,0.91,0.919,0.923,0.932,0.934,0.939,0.959,0.945,0.949,0.95,0.949
LBN,Lebanon,High,Western Asia,Asia,112.0,,,,,,,,,,,,,,,,0.737,0.734,0.752,0.76,0.767,0.77,0.771,0.762,0.759,0.75,0.746,0.743,0.75,0.75,0.745,0.726,0.706,5.0,,,,,,,,,,,,,,,,0.874,0.884,0.885,0.886,0.888,0.893,0.891,0.893,0.893,0.893,0.892,0.892,0.894,0.89,0.908,0.885,0.882
LBR,Liberia,Low,Sub-Saharan Africa,Africa,178.0,,,,,,,,,,0.397,0.438,0.443,0.447,0.422,0.434,0.437,0.443,0.448,0.453,0.456,0.46,0.464,0.47,0.475,0.472,0.473,0.478,0.481,0.483,0.484,0.48,0.481,5.0,,,,,,,,,,0.773,0.787,0.788,0.789,0.796,0.786,0.79,0.789,0.793,0.799,0.805,0.816,0.824,0.831,0.837,0.84,0.846,0.851,0.857,0.866,0.87,0.871,0.871
LBY,Libya,High,Northern Africa,Africa,104.0,0.666,0.677,0.681,0.684,0.689,0.694,0.699,0.704,0.706,0.709,0.712,0.716,0.716,0.724,0.731,0.735,0.739,0.741,0.741,0.738,0.739,0.69,0.726,0.716,0.699,0.699,0.696,0.714,0.722,0.722,0.703,0.718,1.0,,,,,,,,,,,0.919,0.924,0.929,0.93,0.934,0.939,0.943,0.948,0.954,0.957,0.965,0.973,0.969,0.966,0.976,0.975,0.975,0.973,0.974,0.985,0.975,0.975
LCA,Saint Lucia,High,Latin America and the Caribbean,Americas,106.0,0.69,0.691,0.695,0.695,0.695,0.694,0.696,0.695,0.697,0.698,0.698,0.697,0.699,0.701,0.704,0.709,0.718,0.718,0.723,0.725,0.728,0.734,0.734,0.734,0.735,0.737,0.744,0.744,0.746,0.735,0.723,0.715,1.0,0.963,0.964,0.97,0.969,0.968,0.97,0.968,0.962,0.963,0.968,0.974,0.979,0.984,0.988,0.989,1.0,0.999,0.996,0.994,0.994,0.997,0.995,0.994,0.991,0.992,0.99,1.013,1.017,1.015,1.013,1.011,1.011
LIE,Liechtenstein,Very High,Western Europe,Europe,16.0,,,,,,,,,,,0.873,0.888,0.891,0.895,0.907,0.901,0.905,0.907,0.917,0.911,0.913,0.918,0.923,0.922,0.92,0.924,0.923,0.933,0.928,0.94,0.933,0.935,,,,,,,,,,,,,,,,,,,,,,,,,,,,,,,,,
LKA,Sri Lanka,High,Southern Asia,Asia,73.0,0.636,0.641,0.65,0.658,0.663,0.666,0.672,0.678,0.683,0.691,0.688,0.69,0.694,0.699,0.683,0.71,0.714,0.719,0.721,0.713,0.737,0.744,0.751,0.756,0.76,0.764,0.767,0.771,0.776,0.778,0.78,0.782,3.0,0.956,0.945,0.94,0.927,0.945,0.932,0.933,0.955,0.959,0.947,0.947,0.95,0.949,0.95,0.94,0.959,0.96,0.972,0.966,0.966,0.951,0.955,0.951,0.96,0.961,0.964,0.959,0.962,0.957,0.955,0.955,0.949
LSO,Lesotho,Low,Sub-Saharan Africa,Africa,168.0,0.479,0.478,0.476,0.472,0.475,0.472,0.467,0.462,0.46,0.452,0.452,0.448,0.446,0.449,0.448,0.448,0.446,0.452,0.457,0.457,0.467,0.475,0.486,0.49,0.496,0.503,0.514,0.518,0.522,0.524,0.521,0.514,1.0,1.072,1.06,1.053,1.045,1.038,1.031,1.027,1.022,1.018,1.008,0.994,0.984,0.984,0.984,0.986,0.984,0.985,0.988,0.989,0.975,0.991,0.99,0.991,0.991,0.99,0.988,0.99,0.989,0.989,0.994,0.984,0.985
LTU,Lithuania,Very High,Northern Europe,Europe,35.0,0.734,0.729,0.714,0.697,0.693,0.701,0.717,0.732,0.744,0.753,0.766,0.776,0.786,0.8,0.809,0.817,0.823,0.83,0.84,0.839,0.842,0.849,0.851,0.854,0.861,0.862,0.868,0.876,0.88,0.884,0.879,0.875,2.0,,,,0.994,1.001,1.003,1.003,1.0,1.003,1.009,1.011,1.017,1.015,1.018,1.019,1.024,1.028,1.032,1.027,1.027,1.033,1.027,1.025,1.022,1.023,1.023,1.023,1.02,1.02,1.022,1.028,1.03
LUX,Luxembourg,Very High,Western Europe,Europe,17.0,0.786,0.796,0.8,0.81,0.819,0.824,0.832,0.839,0.846,0.861,0.864,0.869,0.874,0.873,0.882,0.884,0.885,0.887,0.9,0.905,0.912,0.913,0.916,0.921,0.926,0.915,0.923,0.919,0.922,0.927,0.924,0.93,1.0,,,,,,,,,,,0.995,0.993,0.985,0.973,0.982,0.981,0.978,0.989,0.98,0.968,0.983,0.978,0.982,0.979,0.993,0.984,0.987,0.99,0.989,0.987,0.991,0.993
LVA,Latvia,Very High,Northern Europe,Europe,39.0,0.73,0.727,0.706,0.69,0.687,0.696,0.711,0.722,0.733,0.746,0.756,0.767,0.778,0.787,0.799,0.808,0.815,0.82,0.827,0.826,0.824,0.831,0.833,0.843,0.846,0.85,0.855,0.86,0.866,0.871,0.871,0.863,1.0,1.009,1.012,1.016,1.029,1.038,1.036,1.022,1.021,1.021,1.022,1.027,1.028,1.028,1.023,1.027,1.035,1.038,1.034,1.038,1.034,1.036,1.03,1.027,1.024,1.026,1.027,1.028,1.03,1.03,1.024,1.023,1.025
MAR,Morocco,Medium,Northern Africa,Africa,123.0,0.447,0.453,0.457,0.463,0.475,0.478,0.49,0.494,0.501,0.511,0.521,0.532,0.542,0.552,0.56,0.567,0.573,0.581,0.588,0.594,0.603,0.614,0.624,0.635,0.644,0.654,0.661,0.67,0.676,0.682,0.679,0.683,5.0,0.721,0.726,0.727,0.731,0.74,0.742,0.751,0.754,0.763,0.771,0.779,0.789,0.793,0.798,0.802,0.806,0.812,0.816,0.82,0.821,0.829,0.832,0.833,0.838,0.841,0.844,0.843,0.847,0.853,0.858,0.859,0.861
MCO,Monaco,,Western Europe,Europe,,,,,,,,,,,,,,,,,,,,,,,,,,,,,,,,,,,,,,,,,,,,,,,,,,,,,,,,,,,,,,,,,,
MDA,Moldova,High,Eastern Europe,Europe,80.0,0.653,0.644,0.632,0.634,0.614,0.618,0.617,0.626,0.628,0.631,0.641,0.652,0.663,0.674,0.685,0.695,0.704,0.713,0.723,0.723,0.73,0.736,0.741,0.746,0.75,0.749,0.756,0.765,0.768,0.774,0.766,0.767,1.0,0.962,0.961,0.973,0.968,0.966,0.97,0.968,0.968,0.968,0.97,0.974,0.977,0.981,0.982,0.988,0.993,0.99,0.993,0.995,0.996,1.004,1.013,1.004,1.014,1.013,1.016,1.014,1.015,1.015,1.01,1.012,1.01
MDG,Madagascar,Low,Sub-Saharan Africa,Africa,173.0,,,,,,,,,,0.436,0.443,0.451,0.447,0.457,0.465,0.469,0.475,0.482,0.49,0.493,0.492,0.494,0.496,0.499,0.502,0.504,0.505,0.507,0.507,0.51,0.501,0.501,2.0,,,,,,,,,,0.9,0.899,0.899,0.899,0.902,0.907,0.908,0.912,0.918,0.919,0.922,0.932,0.936,0.921,0.944,0.944,0.955,0.948,0.951,0.954,0.958,0.956,0.956
MDV,Maldives,High,Southern Asia,Asia,90.0,,,,,,0.582,0.593,0.6,0.606,0.619,0.628,0.633,0.636,0.65,0.65,0.649,0.664,0.665,0.677,0.68,0.688,0.7,0.709,0.718,0.728,0.736,0.741,0.746,0.75,0.755,0.734,0.747,3.0,,,,,,0.875,0.882,0.89,0.896,0.903,0.91,0.908,0.908,0.908,0.908,0.909,0.916,0.919,0.924,0.927,0.934,0.935,0.935,0.937,0.937,0.936,0.934,0.934,0.93,0.96,0.921,0.925
MEX,Mexico,High,Latin America and the Caribbean,Americas,86.0,0.662,0.664,0.667,0.669,0.674,0.674,0.681,0.688,0.696,0.702,0.709,0.712,0.719,0.725,0.73,0.733,0.741,0.743,0.745,0.745,0.746,0.752,0.76,0.76,0.764,0.768,0.772,0.775,0.777,0.779,0.756,0.758,1.0,0.906,0.908,0.911,0.913,0.916,0.918,0.917,0.92,0.92,0.919,0.921,0.921,0.922,0.925,0.933,0.939,0.939,0.941,0.943,0.948,0.953,0.954,0.953,0.951,0.952,0.954,0.957,0.959,0.963,0.971,0.982,0.989
MHL,Marshall Islands,Medium,Micronesia,Oceania,131.0,,,,,,,,,,,,,,,,,,,,,,0.633,0.628,0.632,0.633,0.638,0.637,0.638,0.639,0.64,0.639,0.639,,,,,,,,,,,,,,,,,,,,,,,,,,,,,,,,,
MKD,Macedonia,High,Southern Europe,Europe,78.0,,,,,,0.642,0.65,0.655,0.661,0.669,0.675,0.679,0.683,0.688,0.694,0.699,0.707,0.711,0.73,0.733,0.738,0.741,0.743,0.75,0.755,0.762,0.767,0.773,0.779,0.784,0.774,0.77,3.0,,,,,,,,,,,0.919,0.926,0.925,0.926,0.927,0.928,0.925,0.925,0.924,0.925,0.931,0.933,0.933,0.938,0.945,0.939,0.938,0.938,0.941,0.945,0.945,0.945
MLI,Mali,Low,Sub-Saharan Africa,Africa,186.0,0.237,0.245,0.249,0.257,0.264,0.27,0.277,0.289,0.299,0.311,0.317,0.329,0.338,0.35,0.357,0.366,0.375,0.382,0.39,0.397,0.404,0.409,0.407,0.407,0.415,0.416,0.421,0.426,0.43,0.433,0.427,0.428,5.0,0.712,0.713,0.712,0.725,0.735,0.739,0.736,0.739,0.752,0.758,0.769,0.779,0.787,0.795,0.801,0.806,0.818,0.827,0.837,0.845,0.867,0.874,0.875,0.852,0.845,0.869,0.861,0.849,0.82,0.898,0.886,0.887
MLT,Malta,Very High,Southern Europe,Europe,23.0,0.73,0.733,0.737,0.747,0.751,0.758,0.756,0.766,0.776,0.78,0.779,0.796,0.8,0.812,0.825,0.832,0.831,0.837,0.841,0.847,0.861,0.857,0.864,0.872,0.881,0.889,0.891,0.901,0.91,0.915,0.911,0.918,1.0,0.882,0.882,0.883,0.893,0.884,0.893,0.909,0.905,0.908,0.902,0.916,0.912,0.918,0.925,0.911,0.923,0.929,0.93,0.941,0.932,0.934,0.946,0.951,0.959,0.964,0.968,0.965,0.973,0.978,0.975,0.984,0.98
MMR,Myanmar,Medium,South-eastern Asia,Asia,149.0,0.333,0.343,0.356,0.363,0.369,0.374,0.381,0.385,0.392,0.401,0.41,0.42,0.43,0.44,0.45,0.46,0.47,0.48,0.465,0.501,0.51,0.521,0.531,0.543,0.553,0.562,0.572,0.58,0.59,0.598,0.6,0.585,3.0,0.884,0.891,0.893,0.898,0.902,0.904,0.91,0.914,0.919,0.922,0.923,0.928,0.929,0.933,0.933,0.936,0.936,0.939,0.917,0.946,0.953,0.956,0.955,0.955,0.956,0.947,0.954,0.955,0.958,0.959,0.947,0.944
MNE,Montenegro,Very High,Southern Europe,Europe,49.0,,,,,,,,,,,,,,0.756,0.764,0.767,0.776,0.787,0.8,0.8,0.808,0.811,0.812,0.817,0.819,0.822,0.824,0.83,0.834,0.837,0.826,0.832,1.0,,,,,,,,,,,,,,0.945,0.952,0.953,0.952,0.953,0.968,0.955,0.962,0.965,0.958,0.966,0.977,0.968,0.967,0.972,0.968,0.977,0.977,0.981
MNG,Mongolia,High,Eastern Asia,Asia,96.0,0.579,0.575,0.564,0.551,0.555,0.56,0.564,0.572,0.583,0.591,0.598,0.609,0.617,0.631,0.647,0.658,0.669,0.68,0.691,0.695,0.701,0.709,0.718,0.726,0.729,0.732,0.733,0.732,0.743,0.746,0.745,0.739,2.0,,,,,,0.987,0.991,0.993,0.994,0.99,1.014,1.024,1.04,1.039,1.04,1.037,1.039,1.034,1.036,1.033,1.029,1.02,1.029,1.022,1.027,1.029,1.03,1.025,1.027,1.032,1.033,1.031
MOZ,Mozambique,Low,Sub-Saharan Africa,Africa,185.0,0.238,0.24,0.234,0.239,0.242,0.247,0.259,0.272,0.283,0.296,0.303,0.316,0.324,0.337,0.347,0.357,0.364,0.377,0.387,0.395,0.402,0.407,0.413,0.427,0.433,0.44,0.443,0.445,0.451,0.456,0.453,0.446,4.0,0.794,0.797,0.797,0.798,0.797,0.803,0.811,0.821,0.826,0.832,0.838,0.843,0.848,0.852,0.857,0.86,0.867,0.871,0.878,0.883,0.892,0.893,0.901,0.911,0.918,0.924,0.919,0.912,0.917,0.919,0.921,0.922
MRT,Mauritania,Medium,Sub-Saharan Africa,Africa,158.0,0.397,0.402,0.411,0.423,0.435,0.441,0.449,0.45,0.459,0.465,0.465,0.466,0.47,0.475,0.486,0.49,0.5,0.499,0.499,0.508,0.51,0.515,0.523,0.531,0.537,0.544,0.541,0.545,0.556,0.563,0.556,0.556,5.0,0.767,0.773,0.78,0.786,0.793,0.799,0.803,0.81,0.825,0.828,0.826,0.824,0.83,0.836,0.84,0.845,0.846,0.848,0.85,0.851,0.857,0.858,0.859,0.867,0.867,0.872,0.875,0.883,0.886,0.895,0.891,0.89
MUS,Mauritius,Very High,Sub-Saharan Africa,Africa,63.0,0.626,0.633,0.639,0.643,0.646,0.651,0.654,0.66,0.667,0.674,0.681,0.69,0.694,0.703,0.71,0.719,0.726,0.734,0.741,0.749,0.755,0.762,0.775,0.782,0.793,0.795,0.801,0.805,0.811,0.817,0.804,0.802,2.0,0.901,0.899,0.899,0.9,0.901,0.902,0.904,0.904,0.909,0.912,0.912,0.917,0.917,0.919,0.923,0.928,0.935,0.94,0.945,0.94,0.943,0.944,0.947,0.952,0.952,0.957,0.956,0.963,0.966,0.969,0.974,0.973
MWI,Malawi,Low,Sub-Saharan Africa,Africa,169.0,0.303,0.309,0.319,0.327,0.326,0.367,0.368,0.369,0.369,0.375,0.374,0.38,0.386,0.393,0.4,0.406,0.415,0.423,0.433,0.445,0.456,0.463,0.47,0.478,0.487,0.491,0.498,0.505,0.51,0.519,0.516,0.512,2.0,0.828,0.834,0.843,0.856,0.863,0.869,0.865,0.863,0.863,0.86,0.862,0.862,0.863,0.868,0.876,0.881,0.887,0.888,0.889,0.895,0.909,0.919,0.926,0.91,0.947,0.95,0.956,0.962,0.966,0.972,0.971,0.968
MYS,Malaysia,Very High,South-eastern Asia,Asia,62.0,0.64,0.648,0.656,0.663,0.671,0.679,0.689,0.7,0.703,0.709,0.721,0.722,0.724,0.732,0.735,0.732,0.736,0.747,0.756,0.762,0.769,0.773,0.78,0.785,0.792,0.797,0.803,0.805,0.807,0.81,0.806,0.803,1.0,,,,,,,,,0.925,0.926,0.931,0.933,0.935,0.942,0.941,0.939,0.94,0.941,0.943,0.946,0.952,0.968,0.97,0.964,0.977,0.981,0.977,0.977,0.98,0.981,0.982,0.982
NAM,Namibia,Medium,Sub-Saharan Africa,Africa,139.0,0.579,0.585,0.588,0.588,0.587,0.582,0.571,0.562,0.557,0.548,0.546,0.543,0.545,0.548,0.552,0.555,0.561,0.569,0.576,0.581,0.585,0.592,0.601,0.611,0.621,0.628,0.632,0.635,0.636,0.639,0.633,0.615,1.0,0.975,0.973,0.97,0.967,0.966,0.963,0.959,0.958,0.951,0.95,0.946,0.942,0.947,0.944,0.95,0.951,0.962,0.971,0.976,0.978,0.981,0.987,0.995,1.004,1.007,1.0,1.014,1.003,1.013,1.004,1.005,1.004
NER,Niger,Low,Sub-Saharan Africa,Africa,189.0,0.216,0.218,0.222,0.227,0.232,0.238,0.243,0.248,0.256,0.259,0.262,0.268,0.274,0.278,0.289,0.298,0.306,0.311,0.32,0.327,0.338,0.346,0.354,0.362,0.37,0.376,0.383,0.39,0.399,0.406,0.401,0.4,5.0,0.664,0.674,0.682,0.69,0.697,0.701,0.707,0.712,0.719,0.722,0.724,0.729,0.733,0.734,0.742,0.75,0.755,0.761,0.772,0.778,0.798,0.714,0.795,0.81,0.813,0.819,0.823,0.826,0.829,0.835,0.833,0.835
NGA,Nigeria,Low,Sub-Saharan Africa,Africa,163.0,,,,,,,,,,,,,,0.45,0.462,0.469,0.477,0.48,0.484,0.484,0.482,0.492,0.499,0.506,0.512,0.516,0.521,0.526,0.531,0.538,0.535,0.535,5.0,,,,,,,,,,,,,,0.832,0.835,0.84,0.844,0.848,0.848,0.852,0.86,0.867,0.86,0.85,0.862,0.862,0.859,0.861,0.86,0.844,0.864,0.863
NIC,Nicaragua,Medium,Latin America and the Caribbean,Americas,126.0,0.49,0.5,0.505,0.508,0.513,0.522,0.532,0.542,0.544,0.559,0.566,0.571,0.575,0.578,0.582,0.588,0.593,0.599,0.605,0.606,0.614,0.622,0.629,0.634,0.641,0.647,0.653,0.659,0.662,0.664,0.654,0.667,2.0,,,,,,,,,,,,,0.915,0.921,0.927,0.934,0.937,0.938,0.942,0.944,0.953,0.955,0.969,0.958,1.0,0.96,0.959,0.958,0.957,0.956,0.957,0.956
NLD,Netherlands,Very High,Western Europe,Europe,10.0,0.847,0.852,0.853,0.855,0.881,0.878,0.882,0.883,0.886,0.888,0.893,0.895,0.892,0.894,0.897,0.899,0.906,0.912,0.912,0.913,0.917,0.927,0.927,0.929,0.931,0.932,0.933,0.937,0.939,0.943,0.939,0.941,2.0,0.942,0.942,0.945,0.949,0.944,0.948,0.95,0.95,0.952,0.952,0.954,0.958,0.958,0.96,0.962,0.962,0.958,0.96,0.959,0.962,0.965,0.966,0.966,0.966,0.963,0.965,0.966,0.964,0.952,0.965,0.967,0.968
NOR,Norway,Very High,Northern Europe,Europe,2.0,0.838,0.845,0.851,0.858,0.873,0.871,0.879,0.885,0.895,0.901,0.913,0.911,0.912,0.919,0.927,0.931,0.937,0.938,0.94,0.936,0.941,0.944,0.946,0.949,0.952,0.953,0.955,0.959,0.962,0.961,0.959,0.961,1.0,0.979,0.978,0.979,0.977,0.976,0.978,0.978,0.981,0.985,0.987,0.988,0.99,0.991,0.988,0.987,0.989,0.99,0.991,0.997,0.998,0.996,0.997,0.997,0.995,0.997,0.993,0.99,0.989,0.99,0.99,0.99,0.983
NPL,Nepal,Medium,Southern Asia,Asia,143.0,0.399,0.408,0.416,0.421,0.428,0.433,0.442,0.449,0.455,0.461,0.467,0.469,0.476,0.482,0.489,0.495,0.505,0.509,0.518,0.53,0.543,0.553,0.561,0.57,0.576,0.579,0.586,0.594,0.601,0.611,0.604,0.602,3.0,0.706,0.721,0.728,0.739,0.748,0.756,0.766,0.776,0.788,0.772,0.805,0.815,0.826,0.833,0.843,0.852,0.863,0.87,0.866,0.884,0.902,0.91,0.918,0.927,0.934,0.938,0.942,0.931,0.946,0.949,0.941,0.942
NRU,Nauru,,Micronesia,Oceania,,,,,,,,,,,,,,,,,,,,,,,,,,,,,,,,,,,,,,,,,,,,,,,,,,,,,,,,,,,,,,,,,,
NZL,New Zealand,Very High,Australia and New Zealand,Oceania,13.0,0.806,0.811,0.818,0.833,0.846,0.853,0.857,0.865,0.874,0.878,0.887,0.894,0.897,0.903,0.906,0.912,0.913,0.916,0.915,0.919,0.922,0.922,0.924,0.929,0.93,0.931,0.934,0.935,0.936,0.937,0.936,0.937,1.0,0.957,0.959,0.964,0.964,0.97,0.967,0.974,0.978,0.979,0.979,0.981,0.98,0.978,0.978,0.975,0.976,0.974,0.974,0.973,0.967,0.965,0.972,0.973,0.971,0.963,0.963,0.971,0.966,0.974,0.969,0.975,0.975
OMN,Oman,Very High,Western Asia,Asia,54.0,,,,,,,,,,,0.705,0.716,0.723,0.731,0.739,0.745,0.753,0.762,0.772,0.783,0.788,0.793,0.802,0.809,0.814,0.823,0.833,0.831,0.834,0.839,0.827,0.816,4.0,,,,,,,,,,,0.871,0.87,0.87,0.872,0.877,0.882,0.885,0.887,0.885,0.889,0.897,0.907,0.92,0.93,0.932,0.936,0.93,0.928,0.922,0.912,0.9,0.9
PAK,Pakistan,Low,Southern Asia,Asia,161.0,0.4,0.404,0.409,0.41,0.414,0.417,0.423,0.425,0.43,0.435,0.441,0.448,0.454,0.462,0.475,0.484,0.493,0.499,0.498,0.502,0.505,0.508,0.513,0.518,0.527,0.534,0.541,0.543,0.545,0.546,0.543,0.544,5.0,0.537,0.567,0.574,0.583,0.593,0.587,0.604,0.618,0.628,0.638,0.647,0.654,0.658,0.67,0.662,0.695,0.694,0.695,0.693,0.724,0.727,0.727,0.76,0.741,0.746,0.754,0.775,0.754,0.767,0.798,0.809,0.81
PAN,Panama,Very High,Latin America and the Caribbean,Americas,61.0,0.669,0.672,0.678,0.685,0.687,0.69,0.697,0.703,0.71,0.715,0.721,0.726,0.733,0.737,0.743,0.749,0.754,0.763,0.767,0.769,0.773,0.779,0.785,0.79,0.794,0.8,0.805,0.811,0.814,0.817,0.801,0.805,1.0,,,,,,0.959,0.961,0.963,0.982,0.983,0.968,0.969,0.97,0.984,0.971,0.974,0.974,0.975,1.023,0.992,0.992,0.992,0.997,0.995,0.998,1.001,1.002,1.007,1.007,1.007,1.015,1.017
PER,Peru,High,Latin America and the Caribbean,Americas,84.0,0.621,0.625,0.625,0.629,0.639,0.647,0.651,0.656,0.664,0.673,0.676,0.684,0.685,0.684,0.69,0.686,0.691,0.7,0.708,0.711,0.725,0.732,0.742,0.75,0.755,0.759,0.765,0.77,0.776,0.78,0.762,0.762,2.0,,,,,,,,,,,,0.938,0.935,0.937,0.94,0.936,0.936,0.938,0.939,0.94,0.943,0.946,0.948,0.953,0.95,0.951,0.953,0.951,0.951,0.951,0.954,0.95
PHL,Philippines,Medium,South-eastern Asia,Asia,116.0,0.598,0.599,0.603,0.606,0.609,0.612,0.62,0.625,0.63,0.633,0.633,0.638,0.645,0.65,0.657,0.658,0.659,0.664,0.668,0.667,0.674,0.679,0.685,0.692,0.696,0.698,0.7,0.704,0.71,0.718,0.71,0.699,1.0,0.931,0.932,0.933,0.952,0.95,0.952,0.953,0.955,0.938,0.938,0.937,0.937,0.941,0.943,0.945,0.945,0.945,0.946,0.944,0.943,0.95,0.951,0.973,0.975,0.978,0.979,0.982,0.981,0.983,0.985,0.986,0.99
PLW,Palau,High,Micronesia,Oceania,80.0,,,,,,,,,,,0.739,0.745,0.75,0.754,0.756,0.767,0.769,0.773,0.772,0.771,0.773,0.776,0.776,0.779,0.779,0.78,0.778,0.775,0.778,0.776,0.773,0.767,,,,,,,,,,,,,,,,,,,,,,,,,,,,,,,,,
PNG,Papua New Guinea,Medium,Melanesia,Oceania,156.0,0.37,0.38,0.391,0.405,0.419,0.423,0.43,0.432,0.435,0.444,0.447,0.451,0.455,0.461,0.461,0.466,0.469,0.478,0.484,0.49,0.499,0.504,0.513,0.518,0.533,0.541,0.547,0.552,0.554,0.56,0.56,0.558,3.0,0.855,0.852,0.851,0.848,0.848,0.846,0.85,0.852,0.853,0.857,0.859,0.862,0.866,0.869,0.873,0.874,0.874,0.875,0.882,0.886,0.893,0.9,0.904,0.909,0.913,0.921,0.924,0.925,0.928,0.934,0.931,0.931
POL,Poland,Very High,Eastern Europe,Europe,34.0,0.716,0.713,0.718,0.731,0.741,0.746,0.755,0.766,0.776,0.783,0.793,0.799,0.806,0.811,0.809,0.815,0.82,0.825,0.831,0.835,0.841,0.847,0.852,0.863,0.865,0.868,0.872,0.875,0.877,0.881,0.876,0.876,1.0,0.972,0.974,0.975,0.974,0.979,0.985,0.985,0.986,0.988,0.991,0.991,0.992,0.993,0.993,0.996,0.996,0.996,0.997,0.998,0.999,1.006,1.007,1.007,1.007,1.005,1.006,1.007,1.006,1.006,1.005,1.008,1.008
PRT,Portugal,Very High,Southern Europe,Europe,38.0,0.701,0.711,0.727,0.741,0.754,0.761,0.769,0.778,0.786,0.785,0.791,0.797,0.798,0.802,0.805,0.806,0.811,0.818,0.822,0.825,0.829,0.835,0.836,0.845,0.848,0.85,0.853,0.859,0.86,0.867,0.863,0.866,1.0,0.98,0.971,0.976,0.979,0.976,0.979,0.983,0.982,0.983,0.983,0.984,0.988,0.986,0.988,0.989,0.99,0.99,0.987,0.984,0.988,0.989,0.99,0.989,0.987,0.985,0.985,0.986,0.987,0.991,0.988,0.992,0.994
PRY,Paraguay,High,Latin America and the Caribbean,Americas,105.0,0.595,0.6,0.605,0.612,0.617,0.623,0.632,0.638,0.644,0.649,0.649,0.655,0.662,0.655,0.662,0.664,0.664,0.669,0.679,0.677,0.685,0.696,0.702,0.715,0.716,0.723,0.721,0.724,0.727,0.732,0.73,0.717,1.0,0.911,0.913,0.912,0.922,0.923,0.933,0.943,0.943,0.947,0.923,0.933,0.954,0.946,0.949,0.957,0.947,0.945,0.949,0.954,0.954,0.953,0.966,0.977,0.97,0.971,0.976,0.974,0.971,0.981,0.986,0.986,0.99
PSE,"Palestine, State of",High,Western Asia,Asia,106.0,,,,,,,,,,,,,,,0.651,0.662,0.663,0.672,0.677,0.682,0.687,0.694,0.701,0.703,0.698,0.71,0.715,0.719,0.723,0.727,0.716,0.715,5.0,,,,,,,,,,,,,,,0.802,0.802,0.818,0.831,0.834,0.836,0.84,0.855,0.862,0.862,0.877,0.873,0.875,0.875,0.881,0.885,0.887,0.891
QAT,Qatar,Very High,Western Asia,Asia,42.0,0.758,0.754,0.756,0.763,0.77,0.775,0.782,0.795,0.799,0.802,0.801,0.803,0.809,0.819,0.822,0.827,0.825,0.834,0.84,0.838,0.834,0.844,0.829,0.834,0.839,0.846,0.85,0.849,0.853,0.859,0.854,0.855,1.0,0.959,0.954,0.967,0.967,0.963,0.967,0.972,0.981,0.981,0.987,0.989,1.007,0.982,0.972,0.971,0.966,0.994,0.989,0.983,0.981,0.996,0.977,1.012,1.012,1.02,1.023,1.022,1.027,1.023,1.022,1.015,1.019
ROU,Romania,Very High,Eastern Europe,Europe,53.0,0.703,0.689,0.679,0.68,0.682,0.688,0.693,0.696,0.7,0.708,0.715,0.722,0.729,0.732,0.742,0.756,0.77,0.786,0.806,0.809,0.807,0.808,0.805,0.81,0.811,0.813,0.816,0.823,0.827,0.832,0.824,0.821,1.0,0.947,0.948,0.951,0.952,0.957,0.96,0.958,0.961,0.959,0.961,0.962,0.966,0.966,0.964,0.966,0.974,0.978,0.983,0.978,0.994,0.986,0.984,0.982,0.984,0.987,0.975,0.985,0.982,0.995,0.995,0.998,0.994
RUS,Russia,Very High,Eastern Europe,Europe,52.0,0.743,0.741,0.728,0.71,0.698,0.698,0.708,0.716,0.719,0.721,0.732,0.74,0.746,0.754,0.761,0.764,0.775,0.786,0.791,0.789,0.796,0.808,0.811,0.817,0.818,0.824,0.828,0.833,0.841,0.845,0.83,0.822,1.0,,,,,,,,,,,,,,1.05,1.05,1.05,1.042,1.038,1.035,1.031,1.032,1.03,1.026,1.023,1.02,1.018,1.017,1.005,1.011,1.003,1.013,1.016
RWA,Rwanda,Low,Sub-Saharan Africa,Africa,165.0,,,,,,0.286,0.296,0.302,0.309,0.324,0.34,0.35,0.369,0.385,0.406,0.422,0.442,0.456,0.467,0.48,0.489,0.497,0.506,0.508,0.513,0.515,0.524,0.526,0.528,0.534,0.532,0.534,2.0,,,,,,0.855,0.853,0.868,0.877,0.864,0.871,0.872,0.872,0.873,0.884,0.891,0.901,0.907,0.914,0.919,0.934,0.942,0.945,0.944,0.942,0.948,0.951,0.921,0.951,0.954,0.955,0.954
SAU,Saudi Arabia,Very High,Western Asia,Asia,35.0,0.678,0.688,0.694,0.699,0.704,0.709,0.715,0.72,0.727,0.73,0.737,0.744,0.75,0.76,0.77,0.78,0.787,0.794,0.802,0.807,0.816,0.828,0.837,0.845,0.852,0.859,0.864,0.86,0.865,0.873,0.87,0.875,4.0,0.82,0.824,0.826,0.828,0.833,0.835,0.84,0.844,0.846,0.851,0.848,0.849,0.853,0.86,0.869,0.87,0.871,0.867,0.866,0.874,0.873,0.887,0.892,0.891,0.894,0.895,0.9,0.898,0.91,0.914,0.918,0.917
SDN,Sudan,Low,Northern Africa,Africa,172.0,0.336,0.342,0.331,0.34,0.383,0.371,0.379,0.388,0.376,0.413,0.424,0.431,0.436,0.439,0.441,0.448,0.465,0.47,0.478,0.486,0.486,0.487,0.493,0.497,0.504,0.508,0.511,0.514,0.514,0.514,0.51,0.508,5.0,0.751,0.757,0.791,0.799,0.758,0.791,0.801,0.808,0.836,0.801,0.804,0.812,0.824,0.83,0.841,0.847,0.837,0.833,0.837,0.838,0.843,0.852,0.849,0.858,0.863,0.865,0.868,0.87,0.871,0.873,0.87,0.87
SEN,Senegal,Low,Sub-Saharan Africa,Africa,170.0,0.373,0.374,0.375,0.374,0.374,0.375,0.376,0.377,0.379,0.382,0.388,0.394,0.398,0.405,0.412,0.419,0.427,0.439,0.451,0.459,0.468,0.482,0.49,0.496,0.502,0.505,0.507,0.509,0.512,0.513,0.513,0.511,5.0,0.733,0.738,0.743,0.748,0.751,0.757,0.762,0.769,0.775,0.778,0.784,0.791,0.795,0.806,0.811,0.819,0.823,0.831,0.838,0.848,0.862,0.877,0.883,0.89,0.886,0.887,0.884,0.88,0.859,0.841,0.874,0.874
SGP,Singapore,Very High,South-eastern Asia,Asia,12.0,0.727,0.737,0.748,0.758,0.77,0.779,0.789,0.802,0.81,0.82,0.831,0.833,0.84,0.845,0.851,0.875,0.881,0.887,0.892,0.892,0.91,0.915,0.92,0.923,0.928,0.93,0.934,0.935,0.94,0.943,0.939,0.939,1.0,,,,,,,,,,,0.938,0.939,0.943,0.948,0.952,0.96,0.966,0.967,0.965,0.963,0.971,0.972,0.974,0.975,0.984,0.981,0.987,0.989,0.986,0.988,0.989,0.992
SLB,Solomon Islands,Medium,Melanesia,Oceania,155.0,,,,,,,,,,0.499,0.486,0.49,0.496,0.501,0.507,0.512,0.52,0.523,0.531,0.538,0.55,0.553,0.554,0.559,0.558,0.559,0.56,0.564,0.566,0.567,0.565,0.564,,,,,,,,,,,,,,,,,,,,,,,,,,,,,,,,,
SLE,Sierra Leone,Low,Sub-Saharan Africa,Africa,181.0,0.312,0.305,0.305,0.312,0.312,0.314,0.312,0.307,0.305,0.301,0.318,0.331,0.347,0.357,0.364,0.372,0.382,0.397,0.409,0.42,0.427,0.433,0.447,0.459,0.461,0.453,0.457,0.466,0.47,0.48,0.475,0.477,5.0,0.725,0.732,0.737,0.743,0.749,0.759,0.754,0.76,0.782,0.818,0.777,0.786,0.792,0.799,0.804,0.81,0.817,0.83,0.839,0.847,0.861,0.867,0.872,0.876,0.878,0.88,0.884,0.887,0.867,0.895,0.894,0.893
SLV,El Salvador,Medium,Latin America and the Caribbean,Americas,125.0,0.525,0.536,0.548,0.558,0.568,0.578,0.587,0.597,0.605,0.609,0.617,0.619,0.626,0.631,0.636,0.641,0.646,0.651,0.653,0.653,0.659,0.661,0.664,0.667,0.666,0.668,0.671,0.674,0.68,0.683,0.672,0.675,2.0,,,,,,0.932,0.929,0.927,0.932,0.935,0.932,0.929,0.925,0.934,0.939,0.937,0.945,0.956,0.949,0.951,0.973,0.969,0.966,0.98,0.977,0.981,0.984,0.982,0.981,0.975,0.962,0.964
SMR,San Marino,Very High,Southern Europe,Europe,44.0,,,,,,,,,,,,,,,,,,,,,,,,,,,,,0.86,0.862,0.845,0.853,,,,,,,,,,,,,,,,,,,,,,,,,,,,,,,,,
SOM,Somalia,,Sub-Saharan Africa,Africa,,,,,,,,,,,,,,,,,,,,,,,,,,,,,,,,,,,,,,,,,,,,,,,,,,,,,,,,,,,,,,,,,,
SRB,Serbia,Very High,Southern Europe,Europe,63.0,,,,,,0.674,0.679,0.685,0.687,0.677,0.69,0.7,0.702,0.711,0.723,0.734,0.746,0.754,0.765,0.766,0.767,0.777,0.78,0.785,0.788,0.794,0.8,0.802,0.808,0.811,0.804,0.802,1.0,,,,,,0.928,0.93,0.932,0.935,0.937,0.936,0.938,0.939,0.944,0.947,0.947,0.949,0.951,0.952,0.953,0.968,0.958,0.959,0.964,0.971,0.973,0.976,0.976,0.977,0.981,0.985,0.982
SSD,South Sudan,Low,Sub-Saharan Africa,Africa,191.0,,,,,,,,,,,,,,,,,,,,,0.43,0.433,0.397,0.411,0.41,0.412,0.402,0.395,0.395,0.393,0.386,0.385,5.0,,,,,,,,,,,,,,,,,,,,,0.833,0.841,0.834,0.841,0.855,0.851,0.85,0.851,0.844,0.844,0.841,0.843
STP,Sao Tome and Principe,Medium,Sub-Saharan Africa,Africa,138.0,0.485,0.484,0.485,0.485,0.487,0.488,0.491,0.492,0.494,0.498,0.501,0.507,0.511,0.519,0.525,0.531,0.542,0.545,0.546,0.552,0.554,0.556,0.562,0.573,0.584,0.596,0.603,0.612,0.617,0.622,0.619,0.618,4.0,0.821,0.823,0.826,0.829,0.832,0.833,0.836,0.838,0.842,0.843,0.843,0.846,0.85,0.854,0.858,0.863,0.872,0.873,0.873,0.884,0.885,0.886,0.894,0.899,0.908,0.905,0.906,0.91,0.911,0.912,0.91,0.907
SUR,Suriname,High,Latin America and the Caribbean,Americas,99.0,,,,,,,,,,,,,,,0.674,0.683,0.691,0.701,0.709,0.717,0.723,0.728,0.731,0.734,0.736,0.744,0.747,0.75,0.755,0.755,0.743,0.73,1.0,,,,,,,,,,,,,,,0.97,0.973,0.976,0.979,0.982,0.984,0.993,0.995,0.996,0.998,0.999,1.001,1.001,1.002,1.005,1.007,1.003,1.001
SVK,Slovakia,Very High,Eastern Europe,Europe,45.0,0.692,0.69,0.694,0.701,0.711,0.72,0.73,0.738,0.748,0.755,0.763,0.77,0.779,0.784,0.794,0.803,0.812,0.823,0.831,0.833,0.84,0.844,0.845,0.848,0.849,0.851,0.854,0.856,0.859,0.862,0.857,0.848,1.0,0.964,0.964,0.968,0.967,0.966,0.97,0.973,0.975,0.979,0.982,0.985,0.987,0.986,0.987,0.986,0.987,0.99,0.992,0.996,0.994,0.993,0.989,0.989,0.99,0.989,0.991,0.99,0.991,0.991,0.993,0.994,0.999
SVN,Slovenia,Very High,Southern Europe,Europe,23.0,,,,,,0.76,0.771,0.782,0.794,0.812,0.821,0.837,0.848,0.858,0.865,0.869,0.878,0.882,0.888,0.887,0.89,0.892,0.891,0.9,0.902,0.903,0.91,0.913,0.917,0.921,0.913,0.918,1.0,,,,,,0.976,0.979,0.98,0.982,0.984,0.99,0.989,0.992,0.99,0.991,0.989,0.995,0.996,0.993,1.006,1.005,1.009,0.995,0.989,0.999,1.003,1.002,0.994,1.002,1.001,0.995,0.999
SWE,Sweden,Very High,Northern Europe,Europe,7.0,0.81,0.813,0.82,0.84,0.851,0.86,0.868,0.879,0.894,0.899,0.904,0.907,0.91,0.915,0.9,0.902,0.906,0.908,0.905,0.904,0.91,0.911,0.911,0.932,0.935,0.937,0.939,0.941,0.942,0.947,0.942,0.947,1.0,0.986,0.987,0.988,1.003,0.995,0.998,0.999,1.002,0.989,0.988,0.988,0.987,0.988,0.989,0.998,0.995,0.995,0.997,0.994,0.992,0.995,0.995,0.995,0.99,0.993,0.991,0.986,0.984,0.985,0.986,0.986,0.988
SWZ,Eswatini,Medium,Sub-Saharan Africa,Africa,144.0,0.545,0.543,0.54,0.532,0.523,0.518,0.509,0.5,0.49,0.482,0.471,0.463,0.451,0.446,0.444,0.446,0.462,0.471,0.479,0.486,0.503,0.517,0.531,0.546,0.559,0.575,0.586,0.596,0.607,0.615,0.61,0.597,1.0,1.001,1.004,0.992,1.012,1.0,1.003,0.978,0.983,0.964,0.954,0.953,0.942,0.939,0.923,0.914,0.909,0.915,0.912,0.913,0.9,0.921,0.93,0.94,0.952,0.961,0.967,0.981,0.978,0.98,0.982,0.982,0.986
SYC,Seychelles,High,Sub-Saharan Africa,Africa,72.0,,,,,,,,,,,0.744,0.741,0.742,0.746,0.747,0.762,0.753,0.77,0.771,0.77,0.776,0.766,0.786,0.787,0.796,0.796,0.796,0.796,0.8,0.802,0.793,0.785,,,,,,,,,,,,,,,,,,,,,,,,,,,,,,,,,
SYR,Syria,Medium,Western Asia,Asia,150.0,0.562,0.567,0.573,0.574,0.577,0.579,0.582,0.585,0.587,0.586,0.587,0.596,0.603,0.615,0.627,0.64,0.65,0.659,0.653,0.659,0.66,0.691,0.65,0.573,0.553,0.556,0.56,0.572,0.58,0.584,0.577,0.577,5.0,0.751,0.76,0.77,0.778,0.787,0.796,0.794,0.792,0.79,0.806,0.821,0.821,0.822,0.822,0.813,0.809,0.806,0.804,0.812,0.807,0.822,0.858,0.869,0.862,0.857,0.852,0.851,0.866,0.853,0.84,0.826,0.825
TCD,Chad,Low,Sub-Saharan Africa,Africa,190.0,,,,,,,,,,,0.291,0.301,0.307,0.307,0.325,0.327,0.327,0.337,0.341,0.355,0.362,0.372,0.381,0.386,0.393,0.389,0.391,0.393,0.398,0.403,0.397,0.394,5.0,,,,,,,,,,,0.688,0.694,0.701,0.701,0.714,0.715,0.72,0.726,0.728,0.731,0.745,0.754,0.758,0.76,0.763,0.763,0.759,0.764,0.767,0.773,0.768,0.77
TGO,Togo,Low,Sub-Saharan Africa,Africa,162.0,0.41,0.414,0.406,0.398,0.404,0.419,0.429,0.438,0.439,0.443,0.446,0.449,0.454,0.46,0.459,0.458,0.464,0.457,0.464,0.472,0.477,0.487,0.491,0.499,0.505,0.514,0.518,0.524,0.528,0.535,0.535,0.539,5.0,0.732,0.733,0.733,0.73,0.733,0.741,0.747,0.757,0.761,0.765,0.773,0.774,0.779,0.783,0.783,0.785,0.786,0.783,0.784,0.791,0.795,0.779,0.801,0.808,0.814,0.798,0.825,0.84,0.838,0.845,0.845,0.849
THA,Thailand,Very High,South-eastern Asia,Asia,66.0,0.576,0.585,0.595,0.604,0.613,0.619,0.628,0.635,0.64,0.646,0.653,0.664,0.676,0.687,0.697,0.706,0.712,0.724,0.727,0.73,0.737,0.743,0.746,0.747,0.778,0.781,0.785,0.79,0.795,0.804,0.802,0.8,1.0,0.948,0.951,0.956,0.96,0.967,0.978,0.986,0.981,0.97,0.969,0.969,0.969,0.97,0.975,0.979,0.976,0.978,0.987,0.988,0.989,0.997,1.01,1.01,0.998,1.009,1.01,0.996,0.995,1.011,1.013,1.013,1.012
TJK,Tajikistan,Medium,Central Asia,Asia,122.0,0.628,0.622,0.57,0.542,0.547,0.547,0.531,0.54,0.547,0.553,0.56,0.569,0.579,0.594,0.606,0.612,0.622,0.625,0.639,0.633,0.636,0.635,0.643,0.656,0.656,0.657,0.66,0.665,0.671,0.676,0.664,0.685,4.0,,,,,,,,,,0.852,0.854,0.849,0.852,0.857,0.864,0.863,0.865,0.867,0.871,0.87,0.881,0.884,0.887,0.894,0.898,0.901,0.904,0.904,0.906,0.908,0.908,0.909
TKM,Turkmenistan,High,Central Asia,Asia,91.0,,,,,,,,,,,,,,,,0.66,0.67,0.682,0.693,0.701,0.711,0.72,0.727,0.73,0.734,0.74,0.742,0.741,0.746,0.742,0.741,0.745,2.0,,,,,,,,,,,,,,,,0.949,0.951,0.951,0.949,0.949,0.954,0.955,0.954,0.954,0.957,0.957,0.955,0.955,0.957,0.957,0.954,0.956
TLS,Timor-Leste,Medium,South-eastern Asia,Asia,140.0,,,,,,,,,,,,,0.508,0.508,0.521,0.538,0.563,0.585,0.611,0.609,0.619,0.638,0.635,0.63,0.622,0.614,0.604,0.606,0.605,0.614,0.614,0.607,4.0,,,,,,,,,,,,,,,,0.887,0.892,0.896,0.9,0.898,0.926,0.915,0.915,0.903,0.916,0.917,0.95,0.918,0.918,0.916,0.918,0.917
TON,Tonga,High,Polynesia,Oceania,91.0,0.645,0.652,0.656,0.663,0.672,0.676,0.678,0.68,0.685,0.688,0.685,0.688,0.694,0.701,0.702,0.702,0.703,0.704,0.709,0.708,0.713,0.72,0.723,0.725,0.727,0.73,0.735,0.74,0.742,0.744,0.745,0.745,2.0,,,,,,0.96,0.96,0.959,0.959,0.959,0.957,0.956,0.956,0.957,0.956,0.956,0.955,0.955,0.955,0.955,0.961,0.963,0.963,0.964,0.965,0.966,0.967,0.968,0.968,0.967,0.966,0.965
TTO,Trinidad and Tobago,Very High,Latin America and the Caribbean,Americas,57.0,0.66,0.665,0.663,0.667,0.67,0.678,0.684,0.69,0.7,0.703,0.712,0.721,0.732,0.737,0.752,0.758,0.767,0.773,0.777,0.787,0.79,0.794,0.8,0.806,0.809,0.816,0.815,0.817,0.815,0.821,0.818,0.81,1.0,0.934,0.938,0.937,0.938,0.944,0.941,0.952,0.944,0.952,0.948,0.954,0.958,0.967,0.967,0.974,0.978,0.974,0.973,0.977,0.978,0.98,0.983,0.984,0.987,0.988,0.991,0.992,0.986,0.988,0.987,0.985,0.985
TUN,Tunisia,High,Northern Africa,Africa,97.0,0.576,0.581,0.588,0.594,0.604,0.611,0.62,0.627,0.639,0.65,0.658,0.665,0.67,0.677,0.687,0.694,0.7,0.706,0.711,0.715,0.72,0.722,0.724,0.727,0.73,0.733,0.737,0.74,0.743,0.745,0.737,0.731,3.0,0.78,0.786,0.793,0.799,0.807,0.813,0.82,0.826,0.835,0.842,0.848,0.852,0.856,0.864,0.87,0.875,0.885,0.889,0.891,0.895,0.903,0.902,0.906,0.91,0.914,0.919,0.925,0.928,0.932,0.934,0.936,0.931
TUR,Turkey,Very High,Western Asia,Asia,48.0,0.6,0.604,0.61,0.617,0.618,0.625,0.633,0.641,0.652,0.655,0.67,0.674,0.684,0.69,0.695,0.7,0.71,0.717,0.721,0.728,0.749,0.762,0.769,0.799,0.809,0.817,0.823,0.833,0.839,0.842,0.833,0.838,3.0,0.829,0.829,0.829,0.819,0.83,0.831,0.832,0.831,0.835,0.838,0.84,0.846,0.851,0.851,0.85,0.856,0.859,0.863,0.875,0.9,0.891,0.907,0.913,0.917,0.922,0.919,0.927,0.93,0.936,0.939,0.937,0.937
TUV,Tuvalu,Medium,Polynesia,Oceania,130.0,0.559,0.562,0.558,0.57,0.577,0.575,0.573,0.579,0.589,0.592,0.597,0.61,0.62,0.605,0.61,0.61,0.611,0.613,0.618,0.615,0.616,0.616,0.624,0.628,0.627,0.643,0.636,0.634,0.642,0.635,0.639,0.641,,,,,,,,,,,,,,,,,,,,,,,,,,,,,,,,,
TZA,Tanzania,Low,Sub-Saharan Africa,Africa,160.0,0.371,0.371,0.369,0.369,0.369,0.37,0.372,0.373,0.38,0.39,0.398,0.406,0.416,0.426,0.436,0.446,0.456,0.465,0.473,0.482,0.493,0.499,0.504,0.51,0.515,0.52,0.524,0.528,0.538,0.548,0.548,0.549,3.0,0.86,0.862,0.862,0.862,0.867,0.866,0.868,0.866,0.87,0.879,0.882,0.88,0.889,0.891,0.894,0.897,0.902,0.905,0.906,0.906,0.921,0.925,0.945,0.932,0.934,0.936,0.938,0.939,0.941,0.944,0.943,0.943
UGA,Uganda,Low,Sub-Saharan Africa,Africa,166.0,0.329,0.331,0.325,0.332,0.336,0.342,0.354,0.364,0.373,0.385,0.394,0.404,0.417,0.429,0.444,0.454,0.466,0.476,0.484,0.494,0.502,0.506,0.504,0.509,0.512,0.517,0.519,0.52,0.522,0.525,0.524,0.525,3.0,0.797,0.795,0.792,0.806,0.824,0.829,0.831,0.837,0.858,0.864,0.866,0.867,0.869,0.874,0.881,0.893,0.909,0.918,0.928,0.92,0.916,0.908,0.878,0.907,0.907,0.911,0.918,0.888,0.923,0.926,0.924,0.927
UKR,Ukraine,High,Eastern Europe,Europe,77.0,0.729,0.723,0.715,0.703,0.689,0.684,0.685,0.689,0.696,0.698,0.7,0.715,0.722,0.732,0.74,0.743,0.751,0.757,0.761,0.758,0.764,0.769,0.773,0.773,0.773,0.774,0.779,0.782,0.783,0.786,0.775,0.773,1.0,1.011,1.013,1.014,1.013,1.013,1.017,1.015,1.01,1.006,1.006,1.008,1.011,1.011,1.012,1.017,1.017,1.024,1.027,1.027,1.02,1.017,1.011,1.013,1.014,1.019,1.015,1.011,1.014,1.013,1.01,1.009,1.012
URY,Uruguay,Very High,Latin America and the Caribbean,Americas,58.0,0.701,0.705,0.708,0.711,0.716,0.717,0.723,0.735,0.744,0.747,0.753,0.76,0.764,0.77,0.77,0.768,0.768,0.771,0.774,0.78,0.787,0.794,0.798,0.805,0.808,0.811,0.815,0.819,0.819,0.821,0.821,0.809,1.0,1.033,1.029,1.027,1.022,1.019,1.015,1.018,1.02,1.012,1.003,1.003,1.008,1.006,1.012,1.008,1.011,1.007,1.01,1.01,1.011,1.014,1.02,1.02,1.017,1.018,1.018,1.021,1.018,1.019,1.02,1.019,1.022
USA,United States,Very High,Northern America,Americas,21.0,0.872,0.873,0.878,0.88,0.884,0.885,0.887,0.89,0.893,0.889,0.891,0.892,0.893,0.895,0.898,0.9,0.904,0.906,0.906,0.908,0.911,0.913,0.916,0.917,0.919,0.92,0.922,0.924,0.927,0.93,0.92,0.921,1.0,0.987,0.988,0.988,0.987,0.988,0.989,0.987,0.988,0.991,0.99,0.989,0.989,0.989,0.986,0.985,0.987,0.988,0.987,0.987,0.988,0.988,0.988,0.987,0.989,0.99,0.99,0.989,0.99,0.992,0.994,0.997,1.001
UZB,Uzbekistan,High,Central Asia,Asia,101.0,,,,,,,,,,,0.607,0.614,0.621,0.627,0.634,0.639,0.644,0.656,0.659,0.665,0.673,0.68,0.687,0.693,0.698,0.701,0.709,0.715,0.72,0.726,0.721,0.727,3.0,,,,,,,,,,,0.938,0.938,0.937,0.937,0.938,0.935,0.934,0.937,0.936,0.937,0.942,0.941,0.942,0.945,0.946,0.945,0.944,0.944,0.945,0.945,0.943,0.944
VCT,Saint Vincent and the Grenadines,High,Latin America and the Caribbean,Americas,89.0,,,,,,,,,,,0.683,0.689,0.695,0.702,0.708,0.713,0.722,0.73,0.734,0.736,0.734,0.736,0.737,0.743,0.752,0.759,0.765,0.774,0.775,0.769,0.764,0.751,2.0,,,,,,,,,,,,,,,,,,,,,,,,,,,,0.972,0.972,0.972,0.97,0.97
VEN,Venezuela,Medium,Latin America and the Caribbean,Americas,120.0,0.659,0.669,0.675,0.676,0.675,0.679,0.679,0.685,0.686,0.682,0.684,0.689,0.699,0.693,0.707,0.721,0.732,0.749,0.756,0.756,0.755,0.762,0.767,0.774,0.77,0.767,0.757,0.744,0.738,0.721,0.695,0.691,1.0,,,,,,0.975,0.973,0.975,0.977,0.975,0.981,0.982,0.973,0.972,0.981,0.99,0.999,1.006,1.029,1.029,1.028,1.028,1.021,1.019,1.019,1.018,1.018,1.009,1.004,0.988,0.985,0.983
VNM,Vietnam,High,South-eastern Asia,Asia,115.0,0.482,0.493,0.504,0.515,0.526,0.539,0.55,0.56,0.569,0.578,0.588,0.598,0.608,0.617,0.625,0.633,0.641,0.648,0.653,0.658,0.663,0.668,0.672,0.676,0.68,0.684,0.688,0.692,0.697,0.703,0.71,0.703,1.0,0.934,0.937,0.94,0.943,0.945,0.947,0.949,0.947,0.949,0.952,0.952,0.954,0.956,0.96,0.964,0.967,0.971,0.989,0.977,0.988,0.992,0.995,0.998,1.0,1.001,1.004,1.005,1.003,1.003,1.004,1.001,1.002
VUT,Vanuatu,Medium,Melanesia,Oceania,140.0,,,,,,,,,,,,,,,,0.578,0.584,0.585,0.591,0.591,0.591,0.593,0.59,0.593,0.595,0.595,0.596,0.599,0.603,0.611,0.608,0.607,,,,,,,,,,,,,,,,,,,,,,,,,,,,,,,,,
WSM,Samoa,High,Polynesia,Oceania,111.0,,,,,,0.659,0.668,0.67,0.674,0.678,0.683,0.69,0.689,0.694,0.698,0.701,0.703,0.708,0.709,0.7,0.713,0.713,0.709,0.71,0.711,0.716,0.717,0.716,0.716,0.715,0.712,0.707,2.0,,,,,,0.949,0.95,0.949,0.948,0.943,0.945,0.947,0.946,0.946,0.947,0.947,0.948,0.949,0.949,0.943,0.953,0.952,0.958,0.953,0.953,0.955,0.957,0.984,0.958,0.959,0.958,0.957
YEM,Yemen,Low,Western Asia,Asia,183.0,0.383,0.386,0.391,0.397,0.399,0.409,0.419,0.427,0.435,0.441,0.45,0.46,0.468,0.476,0.483,0.489,0.494,0.498,0.501,0.506,0.51,0.509,0.512,0.513,0.505,0.477,0.467,0.459,0.459,0.461,0.46,0.455,5.0,0.534,0.54,0.545,0.551,0.56,0.573,0.59,0.605,0.621,0.635,0.642,0.649,0.654,0.659,0.66,0.664,0.669,0.669,0.668,0.667,0.674,0.648,0.636,0.623,0.595,0.547,0.514,0.485,0.5,0.508,0.509,0.496
ZAF,South Africa,High,Sub-Saharan Africa,Africa,109.0,0.632,0.641,0.647,0.652,0.658,0.661,0.656,0.651,0.644,0.638,0.633,0.629,0.633,0.629,0.63,0.632,0.637,0.644,0.653,0.665,0.675,0.686,0.696,0.704,0.712,0.716,0.719,0.72,0.726,0.736,0.727,0.713,3.0,0.958,0.965,0.966,0.967,0.963,0.964,0.961,0.957,0.955,0.953,0.95,0.945,0.944,0.96,0.957,0.936,0.94,0.947,0.95,0.955,0.961,0.966,0.969,0.973,0.978,0.975,0.982,0.979,0.962,0.954,0.944,0.944
ZMB,Zambia,Medium,Sub-Saharan Africa,Africa,154.0,0.412,0.408,0.408,0.414,0.411,0.413,0.414,0.413,0.411,0.413,0.418,0.425,0.434,0.448,0.459,0.472,0.484,0.495,0.506,0.519,0.529,0.534,0.548,0.554,0.557,0.562,0.564,0.568,0.572,0.575,0.57,0.565,2.0,0.824,0.835,0.847,0.862,0.868,0.871,0.876,0.867,0.859,0.852,0.85,0.854,0.854,0.861,0.862,0.865,0.871,0.878,0.89,0.895,0.913,0.92,0.929,0.933,0.941,0.95,0.954,0.993,0.993,0.966,0.965,0.965
ZWE,Zimbabwe,Medium,Sub-Saharan Africa,Africa,146.0,0.509,0.512,0.498,0.491,0.486,0.477,0.476,0.472,0.466,0.457,0.452,0.441,0.452,0.439,0.446,0.448,0.452,0.454,0.454,0.486,0.512,0.535,0.557,0.567,0.576,0.582,0.588,0.594,0.602,0.601,0.6,0.593,2.0,0.903,0.901,0.9,0.899,0.901,0.901,0.897,0.899,0.903,0.898,0.888,0.855,0.878,0.862,0.879,0.878,0.887,0.882,0.892,0.908,0.926,0.945,0.945,0.942,0.942,0.942,0.946,0.952,0.952,0.955,0.959,0.961
